time,T_amb,q_server_kW,T_room,phi_room,X_room,vent_on,ac_on,m_dot_vent,Q_AC_kW,Q_AC_max_kW,m_dot_ac,W_comp_kW,fan_limited,ac_overloaded,n_cycles_cum
0.0,13.4,2.2,14.996831787906203,0.6001224486782688,0.006431847563044655,True,False,1.3500713132210325,0.0,0.0,0.0,0.0,False,False,0
0.08333333333333333,13.3,2.18,14.999515891114864,0.549942556998579,0.005889977619002763,True,False,1.2593378944560965,0.0,0.0,0.0,0.0,False,False,0
0.16666666666666666,13.2,2.17,14.999916133143017,0.539554080928187,0.005777832111607146,True,False,1.184123058583526,0.0,0.0,0.0,0.0,False,False,0
0.25,13.1,2.15,14.999983868846712,0.5349710877688532,0.005728328228769234,True,False,1.1116408183988435,0.0,0.0,0.0,0.0,False,False,0
0.3333333333333333,13.0,2.13,14.999996567919851,0.5313740886631144,0.005689464909583869,True,False,1.0463935797297095,0.0,0.0,0.0,0.0,False,False,0
0.4166666666666667,12.9,2.12,14.999999200352482,0.5279763126272119,0.00565275499181211,True,False,0.9920287218075727,0.0,0.0,0.0,0.0,False,False,0
0.5,12.8,2.1,14.999999799039676,0.5246296148927383,0.005616600386442484,True,False,0.9381307567960798,0.0,0.0,0.0,0.0,False,False,0
0.5833333333333334,12.72,2.08,14.999999945560957,0.5213183181196859,0.005580832154782549,True,False,0.8966862596161063,0.0,0.0,0.0,0.0,False,False,0
0.6666666666666666,12.63,2.07,14.999999984376968,0.5185013932702632,0.005550407247190509,True,False,0.8585845226726962,0.0,0.0,0.0,0.0,False,False,0
0.75,12.55,2.05,14.99999999527221,0.515586826448828,0.005518930827163579,True,False,0.8226041378675298,0.0,0.0,0.0,0.0,False,False,0
0.8333333333333334,12.47,2.03,14.999999998495802,0.5128877010599249,0.0054897839214244635,True,False,0.7888953278778088,0.0,0.0,0.0,0.0,False,False,0
0.9166666666666666,12.38,2.02,14.999999999498428,0.510260868489489,0.005461420279331409,True,False,0.7581207322691494,0.0,0.0,0.0,0.0,False,False,0
1.0,12.3,2.0,14.999999999825429,0.5074470675552,0.0054310406606452285,True,False,0.7284384517687668,0.0,0.0,0.0,0.0,False,False,0
1.0833333333333333,12.23,2.0,14.999999999936676,0.5047976901868697,0.005402438954091047,True,False,0.7100837587705354,0.0,0.0,0.0,0.0,False,False,0
1.1666666666666667,12.17,2.0,14.999999999976435,0.5023983786481705,0.00537653911648831,True,False,0.6950729543835265,0.0,0.0,0.0,0.0,False,False,0
1.25,12.1,2.0,14.999999999991045,0.5002919586052946,0.005353802716069016,True,False,0.6783444258835111,0.0,0.0,0.0,0.0,False,False,0
1.3333333333333333,12.03,2.0,14.999999999996518,0.49810016397862383,0.0053301465438784735,True,False,0.6624034872901101,0.0,0.0,0.0,0.0,False,False,0
1.4166666666666667,11.97,2.0,14.999999999998614,0.4958825617306509,0.005306213644078191,True,False,0.6493253497260651,0.0,0.0,0.0,0.0,False,False,0
1.5,11.9,2.0,14.99999999999944,0.4938495556194528,0.005284274554791036,True,False,0.6347066076487992,0.0,0.0,0.0,0.0,False,False,0
1.5833333333333335,11.8,2.0,14.99999999999977,0.4917062858828707,0.005261147222420212,True,False,0.6149308599937778,0.0,0.0,0.0,0.0,False,False,0
1.6666666666666665,11.7,2.0,14.999999999999902,0.488982369722,0.00523175678262993,True,False,0.5963522758357046,0.0,0.0,0.0,0.0,False,False,0
1.75,11.6,2.0,14.999999999999954,0.48603848241008507,0.0051999960004686435,True,False,0.5788653224889752,0.0,0.0,0.0,0.0,False,False,0
1.8333333333333335,11.5,2.0,14.99999999999998,0.48301517492984963,0.0051673817238451015,True,False,0.5623765172319573,0.0,0.0,0.0,0.0,False,False,0
1.9166666666666665,11.4,2.0,14.99999999999999,0.47996875971676006,0.005134521600578199,True,False,0.546802755172437,0.0,0.0,0.0,0.0,False,False,0
2.0,11.3,2.0,14.999999999999996,0.47692237337010424,0.00510166523182907,True,False,0.5320699080389714,0.0,0.0,0.0,0.0,False,False,0
2.0833333333333335,11.23,2.0,15.000000000000002,0.47388572968928183,0.005068917367319657,True,False,0.5222214563266533,0.0,0.0,0.0,0.0,False,False,0
2.1666666666666665,11.17,2.0,15.0,0.4713284981972075,0.00504134224701483,True,False,0.5140661456592737,0.0,0.0,0.0,0.0,False,False,0
2.25,11.1,2.0,15.0,0.46915304497852306,0.005017885824516734,True,False,0.5048684290798879,0.0,0.0,0.0,0.0,False,False,0
2.3333333333333335,11.03,2.0,15.0,0.467009130059019,0.004994771174782834,True,False,0.4959947211696656,0.0,0.0,0.0,0.0,False,False,0
2.4166666666666665,10.97,2.0,14.999999999999996,0.464884706284303,0.004971868350093316,True,False,0.4886337823077402,0.0,0.0,0.0,0.0,False,False,0
2.5,10.9,2.0,14.999999999999996,0.46292163058690905,0.0049507064617112465,True,False,0.48031802864877476,0.0,0.0,0.0,0.0,False,False,0
2.5833333333333335,10.83,2.02,14.999999999999998,0.4608953087706012,0.004928864280606741,True,False,0.47700398017340023,0.0,0.0,0.0,0.0,False,False,0
2.6666666666666665,10.77,2.03,15.0,0.45882748853525224,0.004906576347583055,True,False,0.4725879791949192,0.0,0.0,0.0,0.0,False,False,0
2.75,10.7,2.05,14.999999999999998,0.45689236961429414,0.004885720166735796,True,False,0.46950029420245715,0.0,0.0,0.0,0.0,False,False,0
2.8333333333333335,10.63,2.07,15.0,0.4548794397100474,0.00486402683293116,True,False,0.4665117549443444,0.0,0.0,0.0,0.0,False,False,0
2.9166666666666665,10.57,2.08,15.0,0.45283054157315855,0.004841947411513168,True,False,0.46243745948123144,0.0,0.0,0.0,0.0,False,False,0
3.0,10.5,2.1,15.0,0.4509128392439736,0.004821283196936722,True,False,0.4596454524846607,0.0,0.0,0.0,0.0,False,False,0
3.0833333333333335,10.43,2.12,15.0,0.44892137538592525,0.004799825606480454,True,False,0.4569391983507717,0.0,0.0,0.0,0.0,False,False,0
3.1666666666666665,10.37,2.13,15.0,0.4468953744501717,0.0047779973939888224,True,False,0.45316518792673716,0.0,0.0,0.0,0.0,False,False,0
3.25,10.3,2.15,14.999999999999998,0.44499725039769067,0.004757548311358771,True,False,0.45063062663864356,0.0,0.0,0.0,0.0,False,False,0
3.3333333333333335,10.23,2.17,14.999999999999998,0.44302815789442596,0.004736336073516773,True,False,0.4481706691317183,0.0,0.0,0.0,0.0,False,False,0
3.4166666666666665,10.17,2.18,14.999999999999998,0.4410254011825586,0.00471476265757045,True,False,0.44466210102990145,0.0,0.0,0.0,0.0,False,False,0
3.5,10.1,2.2,15.0,0.4391471493686111,0.004694531740543078,True,False,0.44235298886423025,0.0,0.0,0.0,0.0,False,False,0
3.5833333333333335,10.03,2.25,15.000000000000004,0.4372003912717196,0.0046735643110396834,True,False,0.44605654959985824,0.0,0.0,0.0,0.0,False,False,0
3.6666666666666665,9.97,2.3,15.000000000000004,0.43520143382509063,0.00465203613179362,True,False,0.4505488265203444,0.0,0.0,0.0,0.0,False,False,0
3.75,9.9,2.35,14.999999999999998,0.433310091348127,0.004631668295650498,True,False,0.4540469797406664,0.0,0.0,0.0,0.0,False,False,0
3.8333333333333335,9.83,2.4,14.999999999999998,0.43134858207531124,0.004610546232992264,True,False,0.4574511502648517,0.0,0.0,0.0,0.0,False,False,0
3.9166666666666665,9.77,2.45,14.999999999999995,0.42935357260125634,0.00458906489167323,True,False,0.4616429615166524,0.0,0.0,0.0,0.0,False,False,0
4.0,9.7,2.5,14.999999999999996,0.42747756706700263,0.004568866273488991,True,False,0.4648647044588428,0.0,0.0,0.0,0.0,False,False,0
4.083333333333333,9.65,2.58,14.999999999999998,0.4255355998555184,0.00454795882932774,True,False,0.4752728230273454,0.0,0.0,0.0,0.0,False,False,0
4.166666666666667,9.6,2.67,14.999999999999998,0.4238156211795284,0.004529442504600307,True,False,0.4873142391874974,0.0,0.0,0.0,0.0,False,False,0
4.25,9.55,2.75,14.999999999999998,0.4222150460886812,0.004512212594898704,True,False,0.4973272485168009,0.0,0.0,0.0,0.0,False,False,0
4.333333333333333,9.5,2.83,14.999999999999996,0.42068610938549106,0.004495754744823532,True,False,0.5071590673440645,0.0,0.0,0.0,0.0,False,False,0
4.416666666666667,9.45,2.92,15.0,0.41919794127195237,0.004479736568222155,True,False,0.518590581699126,0.0,0.0,0.0,0.0,False,False,0
4.5,9.4,3.0,15.000000000000004,0.41773058465633117,0.004463943202061548,True,False,0.5280587182032294,0.0,0.0,0.0,0.0,False,False,0
4.583333333333333,9.35,3.08,15.000000000000004,0.41628065784336094,0.004448338217465348,True,False,0.5373601002304764,0.0,0.0,0.0,0.0,False,False,0
4.666666666666667,9.3,3.17,15.000000000000002,0.4148425575560403,0.00443286128497654,True,False,0.5482285379450335,0.0,0.0,0.0,0.0,False,False,0
4.75,9.25,3.25,15.0,0.4134103453175379,0.004417448480099369,True,False,0.5571944232891338,0.0,0.0,0.0,0.0,False,False,0
4.833333333333333,9.2,3.33,15.000000000000002,0.411987233014342,0.004402134355716301,True,False,0.5660065095417014,0.0,0.0,0.0,0.0,False,False,0
4.916666666666667,9.15,3.42,15.000000000000002,0.4105714673136307,0.004386900031156409,True,False,0.5763539805688133,0.0,0.0,0.0,0.0,False,False,0
5.0,9.1,3.5,14.999999999999998,0.40915943768731194,0.004371706646626241,True,False,0.5848559215062717,0.0,0.0,0.0,0.0,False,False,0
5.083333333333333,9.08,3.58,14.999999999999998,0.4077549298852643,0.004356594927788765,True,False,0.5962105821919467,0.0,0.0,0.0,0.0,False,False,0
5.166666666666667,9.07,3.67,14.999999999999998,0.4068156164554558,0.004346488847243734,True,False,0.6101722854612919,0.0,0.0,0.0,0.0,False,False,0
5.25,9.05,3.75,14.999999999999996,0.40624309776841927,0.004340329274167891,True,False,0.6213851841826464,0.0,0.0,0.0,0.0,False,False,0
5.333333333333333,9.03,3.83,15.000000000000002,0.40567838397430644,0.004334253790496311,True,False,0.6325232727385803,0.0,0.0,0.0,0.0,False,False,0
5.416666666666667,9.02,3.92,14.999999999999998,0.40511775569213304,0.004328222377466522,True,False,0.6463082248474415,0.0,0.0,0.0,0.0,False,False,0
5.5,9.0,4.0,15.0,0.4047201099233974,0.004323944451306854,True,False,0.6573081225773701,0.0,0.0,0.0,0.0,False,False,0
5.583333333333333,9.0,4.03,14.999999999999998,0.4042293995366407,0.004318665404140004,True,False,0.6622379334967006,0.0,0.0,0.0,0.0,False,False,0
5.666666666666667,9.0,4.07,14.999999999999998,0.4040319857925347,0.0043165416582871576,True,False,0.6688110147224742,0.0,0.0,0.0,0.0,False,False,0
5.75,9.0,4.1,14.999999999999995,0.4039529960369504,0.004315691903017219,True,False,0.6737408256418044,0.0,0.0,0.0,0.0,False,False,0
5.833333333333333,9.0,4.13,14.999999999999996,0.4039217272000457,0.004315355520046702,True,False,0.6786706365611347,0.0,0.0,0.0,0.0,False,False,0
5.916666666666667,9.0,4.17,14.999999999999998,0.40390943442818933,0.004315223277327487,True,False,0.6852437177869084,0.0,0.0,0.0,0.0,False,False,0
6.0,9.0,4.2,15.0,0.4039046281450715,0.004315171572490729,True,False,0.6901735287062387,0.0,0.0,0.0,0.0,False,False,0
6.083333333333333,9.12,4.23,15.0,0.4039027688730165,0.004315151570891836,True,False,0.7092353725143697,0.0,0.0,0.0,0.0,False,False,0
6.166666666666667,9.23,4.27,15.0,0.4059636642191235,0.004337322968490896,True,False,0.7295396351740858,0.0,0.0,0.0,0.0,False,False,0
6.25,9.35,4.3,14.999999999999998,0.4086783928628578,0.004366530791113634,True,False,0.7502105295425482,0.0,0.0,0.0,0.0,False,False,0
6.333333333333333,9.47,4.33,14.999999999999998,0.411836161314507,0.004400508715748422,True,False,0.7717769570091716,0.0,0.0,0.0,0.0,False,False,0
6.416666666666667,9.58,4.37,15.000000000000002,0.4151742780658399,0.004436431215667424,True,False,0.794656692275089,0.0,0.0,0.0,0.0,False,False,0
6.5,9.7,4.4,15.0,0.4184046912717689,0.004471198607735424,True,False,0.8181618798475635,0.0,0.0,0.0,0.0,False,False,0
6.583333333333333,9.85,4.42,15.000000000000002,0.42180226137429544,0.004507769193670967,True,False,0.8457326668832523,0.0,0.0,0.0,0.0,False,False,0
6.666666666666667,10.0,4.43,15.000000000000004,0.42587410193112907,0.0045516030815125575,True,False,0.8729847153790167,0.0,0.0,0.0,0.0,False,False,0
6.75,10.15,4.45,15.0,0.4301901702494398,0.004598072809741933,True,False,0.9039516868182231,0.0,0.0,0.0,0.0,False,False,0
6.833333333333333,10.3,4.47,14.999999999999998,0.4346155784547861,0.0046457269233651744,True,False,0.9368925121277845,0.0,0.0,0.0,0.0,False,False,0
6.916666666666667,10.45,4.48,15.0,0.439101378533413,0.004694038752679455,True,False,0.9698374407953844,0.0,0.0,0.0,0.0,False,False,0
7.0,10.6,4.5,15.000000000000002,0.4436276154349755,0.004742793635341907,True,False,1.0072642008039603,0.0,0.0,0.0,0.0,False,False,0
7.083333333333333,10.82,4.52,14.999999999999998,0.4481983511906942,0.004792035541346044,True,False,1.0648102911152024,0.0,0.0,0.0,0.0,False,False,0
7.166666666666667,11.03,4.53,15.000000000000002,0.4544836976899853,0.00485976210009686,True,False,1.1234280434492927,0.0,0.0,0.0,0.0,False,False,0
7.25,11.25,4.55,14.999999999999998,0.4610194027276647,0.004930201873685635,True,False,1.194370046716757,0.0,0.0,0.0,0.0,False,False,0
7.333333333333333,11.47,4.57,14.999999999999998,0.4679398764483677,0.0050048058211168015,True,False,1.2741430639973776,0.0,0.0,0.0,0.0,False,False,0
7.416666666666667,11.68,4.58,14.999999999999996,0.4750117019714626,0.005081059712626537,True,False,1.357444921733839,0.0,0.0,0.0,0.0,False,False,0
7.5,11.9,4.6,14.999999999999998,0.4818983228262457,0.00515533441144893,True,False,1.4598251975922378,0.0,0.0,0.0,0.0,False,False,0
7.583333333333333,12.15,4.62,15.0,0.48910946363859004,0.0052331280360122835,True,False,1.594384241681243,0.0,0.0,0.0,0.0,False,False,0
7.666666666666667,12.4,4.63,15.0,0.4973410817363758,0.005321954139172247,False,True,0.0,11.135070588235294,11.135070588235294,1.0961329907413848,2.2615812635900965,False,False,1
7.75,12.65,4.65,10.428013168343426,0.6712392417589043,0.005321954139172247,False,True,0.0,5.491189320824019,5.491189320824019,0.9958542914663335,2.031484993883952,False,False,1
7.833333333333333,12.9,4.67,9.804345997549918,0.699858434460711,0.005321954139172247,False,False,0.0,0.0,4.818774083633144,0.0,0.0,False,False,1
7.916666666666667,13.15,4.68,16.204603419807643,0.46038153811192056,0.005321954139172247,False,False,0.0,0.0,11.038364705882355,0.0,0.0,False,False,1
8.0,13.4,4.7,22.618565890078767,0.3088522765433343,0.005321954139172247,False,True,0.0,11.006129411764704,11.006129411764704,0.6149422529469669,2.305346657536626,False,False,2
8.083333333333334,13.65,4.72,16.812009952939288,0.4429218912277783,0.005321954139172247,False,True,0.0,10.97389411764706,10.97389411764706,0.9145495405828828,2.3159978830215238,False,False,2
8.166666666666666,13.9,4.73,11.964753812867208,0.6061493482362663,0.005321954139172247,False,True,0.0,7.826299040373661,7.826299040373662,1.106167623558037,2.1918660969525727,False,False,2
8.25,14.15,4.75,9.799999726467965,0.7000626117315877,0.005321954139172247,False,False,0.0,0.0,4.818774083633144,0.0,0.0,False,False,2
8.333333333333334,14.4,4.77,16.30989753283289,0.4573003147522641,0.005321954139172247,False,False,0.0,0.0,10.877494117647057,0.0,0.0,False,False,2
8.416666666666666,14.65,4.78,22.847205435224616,0.30459854569324085,0.005321954139172247,False,True,0.0,10.845376470588235,10.845376470588235,0.5981976242931162,2.3588076574944616,False,False,3
8.5,14.9,4.8,17.20600483088093,0.4319946108026145,0.005321954139172247,False,True,0.0,10.813258823529413,10.813258823529413,0.8720739934317794,2.3689315099019606,False,False,3
8.583333333333334,15.15,4.82,12.433999037693855,0.5877067288733736,0.005321954139172247,False,True,0.0,8.446873025219105,8.446873025219105,1.1185199636054899,2.276511526327674,False,False,3
8.666666666666666,15.4,4.83,9.914634075883253,0.6946996013781698,0.005321954139172247,False,False,0.0,0.0,4.818774083633144,0.0,0.0,False,False,3
8.75,15.65,4.85,16.53417226635538,0.45081423211985366,0.005321954139172247,False,False,0.0,0.0,10.716905882352942,0.0,0.0,False,False,3
8.833333333333334,15.9,4.87,23.181120552854306,0.2985042674728061,0.005321954139172247,False,True,0.0,10.684788235294118,10.684788235294118,0.5785162298716576,2.4102924441116076,False,False,4
8.916666666666666,16.15,4.88,17.70851220122517,0.41849460418468587,0.005321954139172247,False,True,0.0,10.652670588235296,10.652670588235296,0.825152200047445,2.421326769623915,False,False,4
9.0,16.4,4.9,13.004993610870994,0.5661077062146024,0.005321954139172247,False,True,0.0,9.177351183284172,9.177351183284172,1.1285651517244981,2.367254061147884,False,False,4
9.083333333333334,16.58,4.92,10.049309602733707,0.688457641605215,0.005321954139172247,False,True,0.0,4.890009868771617,4.890009868771617,0.953340426101024,2.18584,False,False,4
9.166666666666666,16.77,4.93,10.072064199743751,0.6874092191495893,0.005321954139172247,False,True,0.0,4.922442844210724,4.922442844210724,0.955358154111341,2.1949599999999996,False,False,4
9.25,16.95,4.95,10.077791770032187,0.6871456018070794,0.005321954139172247,False,True,0.0,4.9302325765613615,4.9302325765613615,0.9557906862347338,2.2036000000000002,False,False,4
9.333333333333334,17.13,4.97,10.092769966691243,0.686456749473129,0.005321954139172247,False,True,0.0,4.951156717749278,4.951156717749278,0.9570241290689767,2.2122399999999995,False,False,4
9.416666666666666,17.32,4.98,10.107038309359803,0.6858012622657457,0.005321954139172247,False,True,0.0,4.970864440530418,4.970864440530418,0.9581490618206451,2.22136,False,False,4
9.5,17.5,5.0,10.113951610216084,0.6854839173946322,0.005321954139172247,False,True,0.0,4.980028751008242,4.980028751008242,0.9586178474195467,2.2300000000000004,False,False,4
9.583333333333334,17.67,5.0,10.129060913232605,0.6847909190807907,0.005321954139172247,False,True,0.0,5.000705484332611,5.000705484332611,0.9597623193796188,2.2381915797362772,False,False,4
9.666666666666666,17.83,5.0,10.128527510305,0.6848153706078985,0.005321954139172247,False,True,0.0,4.999293089873148,4.999293089873148,0.9595910388680372,2.24584,False,False,4
9.75,18.0,5.0,10.129062041190984,0.6847908673755007,0.005321954139172247,False,True,0.0,4.999339168566193,4.999339168566193,0.9594998776931561,2.254,False,False,4
9.833333333333334,18.17,5.0,10.129561754472924,0.6847679610914332,0.005321954139172247,False,True,0.0,4.999333479726646,4.999333479726646,0.9594053131021413,2.2618,False,False,4
9.916666666666666,18.33,5.0,10.13006579559434,0.684744857292863,0.005321954139172247,False,True,0.0,4.99936998286615,4.99936998286615,0.9593180537633142,2.269141176470588,False,False,4
10.0,18.5,5.0,10.130542254710932,0.6847230185763488,0.005321954139172247,False,True,0.0,4.999321394806339,4.999321394806339,0.9592196419879282,2.2769411764705882,False,False,4
10.083333333333334,18.62,4.98,10.131055486771368,0.6846994952275938,0.005321954139172247,False,True,0.0,4.999527970663601,4.999527970663601,0.9591633281119454,2.283342070052564,False,False,4
10.166666666666666,18.73,4.97,10.116285943812645,0.6853768003743657,0.005321954139172247,False,True,0.0,4.978748247104057,4.978748247104057,0.9579340979052268,2.2878967648058164,False,False,4
10.25,18.85,4.95,10.109664963425514,0.6856806702243647,0.005321954139172247,False,True,0.0,4.9692186742377915,4.9692186742377915,0.957339456194096,2.2938902711116618,False,False,4
10.333333333333334,18.97,4.93,10.09511487458091,0.6863489763488674,0.005321954139172247,False,True,0.0,4.948892799466571,4.948892799466571,0.9561462827649717,2.2993867182699397,False,False,4
10.416666666666666,19.08,4.92,10.080802178632293,0.687007090002205,0.005321954139172247,False,True,0.0,4.9290283718798475,4.9290283718798475,0.9549910613298651,2.3039756511886225,False,False,4
10.5,19.2,4.9,10.073958201190882,0.6873220332518596,0.005321954139172247,False,True,0.0,4.919405789265486,4.919405789265486,0.9544123210426648,2.3099732951402485,False,False,4
10.583333333333334,19.28,4.88,10.059242947939365,0.687999740875287,0.005321954139172247,False,True,0.0,4.89923172264061,4.89923172264061,0.9532629650230738,2.313640841489907,False,False,4
10.666666666666666,19.37,4.87,10.044650526862814,0.6886725300738832,0.005321954139172247,False,True,0.0,4.879285213437757,4.879285213437757,0.9521281254748215,2.3173005592312927,False,False,4
10.75,19.45,4.85,10.037600830167904,0.688997822808684,0.005321954139172247,False,True,0.0,4.869635090178986,4.869635090178986,0.9515748188852224,2.3214688716464167,False,False,4
10.833333333333334,19.53,4.83,10.022688592769954,0.6896864819027958,0.005321954139172247,False,True,0.0,4.849405872847405,4.849405872847405,0.9504352955343676,2.3251338122085285,False,False,4
10.916666666666666,19.62,4.82,10.007941252500677,0.6903682835805278,0.005321954139172247,False,True,0.0,4.829472669866685,4.829472669866685,0.9493159149521015,2.328786994666335,False,False,4
11.0,19.7,4.8,10.000738162681554,0.6907015722775027,0.005321954139172247,False,True,0.0,4.819766658865519,4.819766658865519,0.948772683119326,2.3329603301765496,False,False,4
11.083333333333334,19.75,4.78,9.985702977918518,0.6913978342399454,0.005321954139172247,False,False,0.0,0.0,4.818774083633144,0.0,0.0,False,False,4
11.166666666666666,19.8,4.77,16.536715928323645,0.45074126359123884,0.005321954139172247,False,False,0.0,0.0,10.1846,0.0,0.0,False,False,4
11.25,19.85,4.75,23.074023830715372,0.30044379525694664,0.005321954139172247,False,True,0.0,10.1782,10.1782,0.5543530029505223,2.6061649042724455,False,False,5
11.333333333333334,19.9,4.73,17.889952369008153,0.4137371471249201,0.005321954139172247,False,True,0.0,10.1718,10.1718,0.776813517894101,2.6105256062678768,False,False,5
11.416666666666666,19.95,4.72,13.332302186666785,0.5541285882872211,0.005321954139172247,False,True,0.0,9.27291739173279,9.27291739173279,1.0955233874035726,2.5695220288749283,False,False,5
11.5,20.0,4.7,10.131330124930757,0.684686907902979,0.005321954139172247,False,True,0.0,4.994107217821876,4.994107217821876,0.9580720719532355,2.3604435639953705,False,False,5
11.583333333333334,20.0,4.68,9.908756223214073,0.6949734676804057,0.005321954139172247,False,False,0.0,0.0,4.818774083633144,0.0,0.0,False,False,5
11.666666666666666,20.0,4.67,16.3227186934852,0.4569267126689717,0.005321954139172247,False,False,0.0,0.0,10.158999999999999,0.0,0.0,False,False,5
11.75,20.0,4.65,22.72297611574293,0.3069015276450316,0.005321954139172247,False,True,0.0,10.158999999999999,10.158999999999999,0.5642669097191823,2.6236747653383934,False,False,6
11.833333333333334,20.0,4.63,17.49328722628234,0.42421779389298236,0.005321954139172247,False,True,0.0,10.158999999999999,10.158999999999999,0.800468986482512,2.6258885300470083,False,False,6
11.916666666666666,20.0,4.62,12.924755610472559,0.5690884428548442,0.005321954139172247,False,True,0.0,8.723488011154375,8.723488011154375,1.0836138946307512,2.5541157307216884,False,False,6
12.0,20.0,4.6,10.02161166001514,0.68973624533799,0.005321954139172247,False,True,0.0,4.847626870360284,4.847626870360284,0.9502903839339452,2.358392409637119,False,False,6
12.083333333333334,19.98,4.58,9.833414655078078,0.6984945714201223,0.005321954139172247,False,False,0.0,0.0,4.818774083633144,0.0,0.0,False,False,6
12.166666666666666,19.97,4.57,16.110326645215206,0.4631601480766253,0.005321954139172247,False,False,0.0,0.0,10.16284,0.0,0.0,False,False,6
12.25,19.95,4.55,22.373533587338937,0.31348542619243397,0.005321954139172247,False,True,0.0,10.1654,10.1654,0.5759789195589657,2.6326909122171944,False,False,7
12.333333333333334,19.93,4.53,17.080476431202918,0.43544287260772757,0.005321954139172247,False,True,0.0,10.167959999999999,10.167959999999999,0.8285525175963692,2.6341030467004285,False,False,7
12.416666666666666,19.92,4.52,12.495542234132133,0.5853348918746916,0.005321954139172247,False,True,0.0,8.156852500277637,8.156852500277637,1.071247516473597,2.530542145249941,False,False,7
12.5,19.9,4.5,9.905670333947539,0.695117296626801,0.005321954139172247,False,False,0.0,0.0,4.818774083633144,0.0,0.0,False,False,7
12.583333333333334,19.85,4.5,16.07294193997747,0.46426719260730964,0.005321954139172247,False,False,0.0,0.0,10.1782,0.0,0.0,False,False,7
12.666666666666666,19.8,4.5,22.240213546007396,0.3160391341096979,0.005321954139172247,False,True,0.0,10.184600000000001,10.184600000000001,0.5815293122617919,2.6317564460130716,False,False,8
12.75,19.75,4.5,16.89985088012976,0.4404590291751041,0.005321954139172247,False,True,0.0,10.191,10.191,0.8430349059337507,2.629504513725491,False,False,8
12.833333333333334,19.7,4.5,12.309435856088488,0.5925403456001244,0.005321954139172247,False,True,0.0,7.9241719705692475,7.9241719705692475,1.067186462096263,2.5094482007859438,False,False,8
12.916666666666666,19.65,4.5,9.865769084177751,0.6969800406177271,0.005321954139172247,False,False,0.0,0.0,4.818774083633144,0.0,0.0,False,False,8
13.0,19.6,4.5,16.03304069020768,0.4654520358488536,0.005321954139172247,False,False,0.0,0.0,10.210199999999999,0.0,0.0,False,False,8
13.083333333333334,19.53,4.52,22.200312296237612,0.31680798019299755,0.005321954139172247,False,True,0.0,10.219159999999997,10.219159999999999,0.5848562580247555,2.6172528246017692,False,False,9
13.166666666666666,19.47,4.53,16.857000366064206,0.4416585346290079,0.005321954139172247,False,True,0.0,10.22684,10.22684,0.8490571092574003,2.6133877312868456,False,False,9
13.25,19.4,4.55,12.27741477662194,0.5937900946446487,0.005321954139172247,False,True,0.0,7.902977800452614,7.902977800452614,1.0690152688591905,2.48907027164297,False,False,9
13.333333333333334,19.33,4.57,9.886872438363435,0.6959941598277883,0.005321954139172247,False,False,0.0,0.0,4.818774083633144,0.0,0.0,False,False,9
13.416666666666666,19.27,4.58,16.150079380487163,0.4619862305968491,0.005321954139172247,False,False,0.0,0.0,10.252439999999998,0.0,0.0,False,False,9
13.5,19.2,4.6,22.426991370624293,0.31246799120261237,0.005321954139172247,False,True,0.0,10.2614,10.2614,0.5796348319813944,2.593243728388747,False,False,10
13.583333333333334,19.1,4.62,17.10234111063233,0.43484003344545236,0.005321954139172247,False,True,0.0,10.274199999999999,10.274199999999999,0.8356971105009673,2.5865038696205755,False,False,10
13.666666666666666,19.0,4.63,12.522711532310227,0.5842912180395483,0.005321954139172247,False,True,0.0,8.267463228757224,8.267463228757224,1.0818527116894587,2.4805678278718712,False,False,10
13.75,18.9,4.65,9.946879789630792,0.6931993264607041,0.005321954139172247,False,False,0.0,0.0,4.818774083633144,0.0,0.0,False,False,10
13.833333333333334,18.8,4.67,16.31972711586172,0.45701385505529457,0.005321954139172247,False,False,0.0,0.0,10.3126,0.0,0.0,False,False,10
13.916666666666666,18.7,4.68,22.71998453811945,0.30695722729966085,0.005321954139172247,False,True,0.0,10.325400000000002,10.3254,0.5736061789548912,2.561887915535445,False,False,11
14.0,18.6,4.7,17.391014703485148,0.42696816877100013,0.005321954139172247,False,True,0.0,10.338199999999999,10.338199999999999,0.8213123095227656,2.5552255634543175,False,False,11
14.083333333333334,18.48,4.72,12.787066877256285,0.5742444790141562,0.005321954139172247,False,True,0.0,8.675228708685802,8.675228708685802,1.0966733834259637,2.4667479701993456,False,False,11
14.166666666666666,18.37,4.73,10.00798577359026,0.6903662241387412,0.005321954139172247,False,True,0.0,4.82985208035585,4.82985208035585,0.9493820545094886,2.275770587396426,False,False,11
14.25,18.25,4.75,9.932060243589776,0.693888374913114,0.005321954139172247,False,False,0.0,0.0,4.818774083633144,0.0,0.0,False,False,11
14.333333333333334,18.13,4.77,16.4419580499547,0.4534685043900059,0.005321954139172247,False,False,0.0,0.0,10.39836,0.0,0.0,False,False,11
14.416666666666666,18.02,4.78,22.97926595234642,0.30217171027566053,0.005321954139172247,False,True,0.0,10.412440000000002,10.41244,0.5700997227992646,2.5206224242973176,False,False,12
14.5,17.9,4.8,17.6512442479252,0.42000893792927596,0.005321954139172247,False,True,0.0,10.427847058823529,10.427847058823529,0.811393804170193,2.5129115334313727,False,False,12
14.583333333333334,17.82,4.82,13.029833024240531,0.5651885045651915,0.005321954139172247,False,True,0.0,9.075197606152452,9.075197606152452,1.1125508000938453,2.443585114044615,False,False,12
14.666666666666666,17.73,4.83,10.06477153214338,0.6877450355298176,0.005321954139172247,False,True,0.0,4.909954798825424,4.909954798825424,0.9543065598337936,2.244749770235191,False,False,12
14.75,17.65,4.85,10.004138950841918,0.6905441945590997,0.005321954139172247,False,True,0.0,4.8246112363019895,4.8246112363019895,0.9490809104739939,2.2371999999999996,False,False,12
14.833333333333334,17.57,4.87,10.023447241034273,0.6896514283251615,0.005321954139172247,False,True,0.0,4.851901918310147,4.851901918310147,0.9507808856153782,2.2333600000000002,False,False,12
14.916666666666666,17.48,4.88,10.037198136642521,0.6890164094060025,0.005321954139172247,False,True,0.0,4.8714376303574465,4.8714376303574465,0.9520031538595023,2.22904,False,False,12
15.0,17.4,4.9,10.043699466227354,0.6887164046420939,0.005321954139172247,False,True,0.0,4.880754219411142,4.880754219411142,0.9525943738399294,2.2252,False,False,12
15.083333333333334,17.3,4.92,10.05830789101134,0.6880428299714896,0.005321954139172247,False,True,0.0,4.901661014919706,4.901661014919706,0.9539119455129959,2.2204,False,False,12
15.166666666666666,17.2,4.93,10.0722179974483,0.6874021389726337,0.005321954139172247,False,True,0.0,4.921666718592889,4.921666718592889,0.9551785585952878,2.2156,False,False,12
15.25,17.1,4.95,10.078534413094872,0.6871114291793157,0.005321954139172247,False,True,0.0,4.930918269610767,4.930918269610767,0.9557838304866647,2.2108000000000003,False,False,12
15.333333333333334,17.0,4.97,10.092993099696594,0.6864464933547341,0.005321954139172247,False,True,0.0,4.9518634018294465,4.9518634018294465,0.9571187912838759,2.206,False,False,12
15.416666666666666,16.9,4.98,10.10672562365066,0.6858156195277119,0.005321954139172247,False,True,0.0,4.9718598123905045,4.9718598123905045,0.9583996021219089,2.2012,False,False,12
15.5,16.8,5.0,10.112884838334287,0.6855328752581725,0.005321954139172247,False,True,0.0,4.981057062571044,4.981057062571044,0.9590158406133574,2.1964,False,False,12
15.583333333333334,16.72,4.97,10.127213057479626,0.6848756301265904,0.005321954139172247,False,True,0.0,5.001982139549278,5.001982139549278,0.9603533300972755,2.193970920722136,False,False,12
15.666666666666666,16.63,4.93,10.103039780500145,0.68598488387973,0.005321954139172247,False,True,0.0,4.967466427711338,4.967466427711338,0.9582443370143775,2.18990299261207,False,False,12
15.75,16.55,4.9,10.07468867401868,0.6872884109618561,0.005321954139172247,False,True,0.0,4.926746052417311,4.926746052417311,0.9556988158531285,2.185592328100008,False,False,12
15.833333333333334,16.47,4.87,10.05442160513699,0.6882219493418243,0.005321954139172247,False,True,0.0,4.897587260579054,4.897587260579054,0.9538519946437748,2.1817952295057137,False,False,12
15.916666666666666,16.38,4.83,10.033496003233362,0.6891873102207612,0.005321954139172247,False,True,0.0,4.8673797007322195,4.8673797007322195,0.9519097454205395,2.177924207037712,False,False,12
16.0,16.3,4.8,10.005112486277849,0.6904991498072017,0.005321954139172247,False,True,0.0,4.8262058824352065,4.8262058824352065,0.9492099387322953,2.1735860345625464,False,False,12
16.083333333333332,16.23,4.75,9.98518417971146,0.6914218731979661,0.005321954139172247,False,False,0.0,0.0,4.818774083633144,0.0,0.0,False,False,12
16.166666666666668,16.17,4.7,16.495081986076382,0.4519372616574775,0.005321954139172247,False,False,0.0,0.0,10.650101176470589,0.0,0.0,False,False,12
16.25,16.1,4.65,22.936454552374308,0.30295604795970466,0.005321954139172247,False,True,0.0,10.65909411764706,10.65909411764706,0.5849974460958066,2.442293951777356,False,False,13
16.333333333333332,16.03,4.6,17.303039744070666,0.4293500779312962,0.005321954139172247,False,True,0.0,10.668087058823529,10.668087058823529,0.8535803303722603,2.444302389528389,False,False,13
16.416666666666668,15.97,4.55,12.437393705003762,0.5875756202163727,0.005321954139172247,False,True,0.0,8.387740740760254,8.387740740760254,1.1101828164658496,2.3384571026789875,False,False,13
16.5,15.9,4.5,9.759903767806462,0.7019493696518037,0.005321954139172247,False,False,0.0,0.0,4.818774083633144,0.0,0.0,False,False,13
16.583333333333332,15.83,4.45,15.927175373836391,0.46861212558772275,0.005321954139172247,False,False,0.0,0.0,10.693781176470589,0.0,0.0,False,False,13
16.666666666666668,15.77,4.4,22.025921739799323,0.3201930749846034,0.005321954139172247,False,True,0.0,10.701489411764705,10.701489411764705,0.6187338380750736,2.4544383115336896,False,False,14
16.75,15.7,4.35,16.2367722655657,0.4594377149623375,0.005321954139172247,False,True,0.0,10.710482352941176,10.710482352941176,0.9382913776152332,2.457032872914131,False,False,14
16.833333333333332,15.63,4.3,11.370911542133339,0.6304250637288995,0.005321954139172247,False,True,0.0,6.8411089326664865,6.8411089326664865,1.0570492084665868,2.2667186740011656,False,False,14
16.916666666666668,15.57,4.25,9.547665628706861,0.712031714534678,0.005321954139172247,False,False,0.0,0.0,4.818774083633144,0.0,0.0,False,False,14
17.0,15.5,4.2,15.372311034401793,0.485573821720397,0.005321954139172247,False,False,0.0,0.0,10.736176470588234,0.0,0.0,False,False,14
17.083333333333332,15.45,4.13,21.12843120002973,0.3382712955860297,0.005321954139172247,False,True,0.0,10.7426,10.7426,0.6556733827835302,2.4728934179176756,False,False,15
17.166666666666668,15.4,4.07,15.185424780576579,0.4914410282810482,0.005321954139172247,False,True,0.0,10.749023529411764,10.749023529411764,1.03886745765135,2.478609751813846,False,False,15
17.25,15.35,4.0,10.34659714205947,0.6748998932949398,0.005321954139172247,False,True,0.0,5.333182555268812,5.333182555268812,0.9819271369847931,2.1976853164636427,False,False,15
17.333333333333332,15.3,3.93,9.350682148231229,0.7215345518558784,0.005321954139172247,False,False,0.0,0.0,4.818774083633144,0.0,0.0,False,False,15
17.416666666666668,15.25,3.87,14.736766017497366,0.50585393146978,0.005321954139172247,False,False,0.0,0.0,10.768294117647057,0.0,0.0,False,False,15
17.5,15.2,3.8,20.040619598683104,0.36174182855700554,0.005321954139172247,False,True,0.0,10.774717647058823,10.774717647058823,0.7051969826929357,2.5086424085448913,False,False,16
17.583333333333332,15.15,3.75,13.952013405437858,0.5322181874609658,0.005321954139172247,False,True,0.0,10.709612753391927,10.709612753391927,1.1776692036037868,2.510130456572837,False,False,16
17.666666666666668,15.1,3.7,9.263509203238275,0.7257851534478478,0.005321954139172247,False,False,0.0,0.0,4.818774083633144,0.0,0.0,False,False,16
17.75,15.05,3.65,14.334376968196215,0.5191847405108018,0.005321954139172247,False,False,0.0,0.0,10.793988235294117,0.0,0.0,False,False,16
17.833333333333332,15.0,3.6,19.336719493087163,0.3779039341195578,0.005321954139172247,False,True,0.0,10.800411764705881,10.800411764705881,0.7415847660182597,2.532024133986928,False,False,17
17.916666666666668,14.95,3.55,13.182628630826619,0.5595708467064929,0.005321954139172247,False,True,0.0,9.583217846540713,9.583217846540713,1.1528924473998792,2.465786195306175,False,False,17
18.0,14.9,3.5,9.065949706969063,0.7355223347618153,0.005321954139172247,False,False,0.0,0.0,4.818774083633144,0.0,0.0,False,False,17
18.083333333333332,14.85,3.45,13.862716511659006,0.535314600941587,0.005321954139172247,False,False,0.0,0.0,10.613725947834943,0.0,0.0,False,False,17
18.166666666666668,14.8,3.4,18.590958076281954,0.3959189541394506,0.005321954139172247,False,True,0.0,10.82610588235294,10.82610588235294,0.7841379483964117,2.559158611626297,False,False,18
18.25,14.75,3.35,12.397423383864277,0.5891214329827922,0.005321954139172247,False,True,0.0,8.423153495758394,8.423153495758394,1.1208939206994757,2.415715702510481,False,False,18
18.333333333333332,14.7,3.3,8.87778235541062,0.7449326520081722,0.005321954139172247,False,False,0.0,0.0,4.818774083633144,0.0,0.0,False,False,18
18.416666666666668,14.65,3.25,13.400448199832569,0.5516704181476395,0.005321954139172247,False,False,0.0,0.0,9.94206139309017,0.0,0.0,False,False,18
18.5,14.6,3.2,17.854588804187518,0.414659610516319,0.005321954139172247,False,True,0.0,10.8518,10.8518,0.8310245747514189,2.5907494825,False,False,19
18.583333333333332,14.57,3.17,11.640632824530854,0.6192666759319525,0.005321954139172247,False,True,0.0,7.294849969022687,7.294849969022687,1.0813771067350042,2.361230553037137,False,False,19
18.666666666666668,14.53,3.13,8.718930084362647,0.7529818096152859,0.005321954139172247,False,False,0.0,0.0,4.818774083633144,0.0,0.0,False,False,19
18.75,14.5,3.1,13.008610112556795,0.565973770622096,0.005321954139172247,False,False,0.0,0.0,9.36619272673105,0.0,0.0,False,False,19
18.833333333333332,14.47,3.07,17.257174996710745,0.43059777593553694,0.005321954139172247,False,True,0.0,10.86850117647059,10.86850117647059,0.8728699545554228,2.614085850567542,False,False,20
18.916666666666668,14.43,3.03,11.07118616716536,0.6430896382654757,0.005321954139172247,False,True,0.0,6.44024623704644,6.44024623704644,1.0442372873375476,2.3170398423472744,False,False,20
19.0,14.4,3.0,8.607594277497334,0.7586812486068482,0.005321954139172247,False,False,0.0,0.0,4.818774083633144,0.0,0.0,False,False,20
19.083333333333332,14.37,2.97,12.719108681517287,0.5768085936357366,0.005321954139172247,False,False,0.0,0.0,8.939973585664058,0.0,0.0,False,False,20
19.166666666666668,14.33,2.93,16.78950794149704,0.44355528272116357,0.005321954139172247,False,True,0.0,10.88648705882353,10.88648705882353,0.9089968032495175,2.642082562126481,False,False,21
19.25,14.3,2.9,10.603655835317534,0.6634173930402812,0.005321954139172247,False,True,0.0,5.735058309911454,5.735058309911454,1.0074805218549092,2.27939017498966,False,False,21
19.333333333333332,14.27,2.87,8.514850696713703,0.763465770967792,0.005321954139172247,False,False,0.0,0.0,4.818774083633144,0.0,0.0,False,False,21
19.416666666666668,14.23,2.83,12.448199476559457,0.5871584984365226,0.005321954139172247,False,False,0.0,0.0,8.54038005674845,0.0,0.0,False,False,21
19.5,14.2,2.8,16.326728064351613,0.4568099519912917,0.005321954139172247,False,True,0.0,10.903188235294117,10.903188235294117,0.9475874725233373,2.671120169579832,False,False,22
19.583333333333332,14.18,2.77,10.159172000854946,0.6834121909456938,0.005321954139172247,False,True,0.0,5.060993421873553,5.060993421873553,0.9656639982937083,2.2418971342623912,False,False,22
19.666666666666668,14.17,2.73,8.432559841841472,0.7677393147134416,0.005321954139172247,False,False,0.0,0.0,4.818774083633144,0.0,0.0,False,False,22
19.75,14.15,2.7,12.17403794949963,0.5978449848656966,0.005321954139172247,False,False,0.0,0.0,8.129202149356757,0.0,0.0,False,False,22
19.833333333333332,14.13,2.67,15.874400913117588,0.4701964381511898,0.005321954139172247,False,False,0.0,0.0,10.91218117647059,0.0,0.0,False,False,22
19.916666666666668,14.12,2.63,19.533648732695347,0.37330192175041177,0.005321954139172247,False,True,0.0,10.913465882352943,10.913465882352943,0.7391937909618432,2.7190230955473047,False,False,23
20.0,14.1,2.6,12.444085868942889,0.5873172517975072,0.005321954139172247,False,True,0.0,8.544331574582841,8.544331574582841,1.1298921564388542,2.5393286345518384,False,False,23
20.083333333333332,14.08,2.58,8.339342881135229,0.7726126186374591,0.005321954139172247,False,False,0.0,0.0,4.818774083633144,0.0,0.0,False,False,23
20.166666666666668,14.07,2.57,11.875245268592387,0.6097404223142144,0.005321954139172247,False,False,0.0,0.0,7.679045996686944,0.0,0.0,False,False,23
20.25,14.05,2.55,15.397442608036146,0.4847908405142385,0.005321954139172247,False,False,0.0,0.0,10.922458823529412,0.0,0.0,False,False,23
20.333333333333332,14.03,2.53,18.89222985145311,0.38852751517814643,0.005321954139172247,False,True,0.0,10.925028235294118,10.925028235294118,0.7741424496709617,2.7481292119302485,False,False,24
20.416666666666668,14.02,2.52,11.850399973855323,0.6107414342979197,0.005321954139172247,False,True,0.0,7.64412151921278,7.64412151921278,1.0984541340827494,2.4824384813204445,False,False,24
20.5,14.0,2.5,8.253380927983702,0.7771373093477117,0.005321954139172247,False,False,0.0,0.0,4.818774083633144,0.0,0.0,False,False,24
20.583333333333332,13.97,2.48,11.679642931333664,0.6176712111096565,0.005321954139172247,False,False,0.0,0.0,7.386092510055397,0.0,0.0,False,False,24
20.666666666666668,13.93,2.47,15.078494838656827,0.4948337983010287,0.005321954139172247,False,False,0.0,0.0,10.937875294117648,0.0,0.0,False,False,24
20.75,13.9,2.45,18.46364169796659,0.3990899574124024,0.005321954139172247,False,True,0.0,10.941729411764705,10.941729411764705,0.8000068390096271,2.7702279896278514,False,False,25
20.833333333333332,13.87,2.43,11.44520341029164,0.6273292978911053,0.005321954139172247,False,True,0.0,7.032395559944718,7.032395559944718,1.0740807607103444,2.4451188763914375,False,False,25
20.916666666666668,13.83,2.42,8.17265814473247,0.7814132203201611,0.005321954139172247,False,False,0.0,0.0,4.818774083633144,0.0,0.0,False,False,25
21.0,13.8,2.4,11.489279763975231,0.6255006707559009,0.005321954139172247,False,False,0.0,0.0,7.10325566629393,0.0,0.0,False,False,25
21.083333333333332,13.8,2.4,14.778491287191194,0.5044937222056879,0.005321954139172247,False,False,0.0,0.0,10.954576470588236,0.0,0.0,False,False,25
21.166666666666668,13.8,2.4,18.067702810407155,0.4091352867705387,0.005321954139172247,False,True,0.0,10.954576470588236,10.954576470588236,0.8252140562703787,2.783958864509804,False,False,26
21.25,13.8,2.4,11.097756927206435,0.6419554864990061,0.005321954139172247,False,True,0.0,6.502678977195577,6.502678977195577,1.0497659469973586,2.4032474305331752,False,False,26
21.333333333333332,13.8,2.4,8.14266143697328,0.7830088536602647,0.005321954139172247,False,False,0.0,0.0,4.818774083633144,0.0,0.0,False,False,26
21.416666666666668,13.8,2.4,11.43187296018924,0.6278835263838871,0.005321954139172247,False,False,0.0,0.0,7.015196465369543,0.0,0.0,False,False,26
21.5,13.8,2.4,14.721084483405201,0.506366199758716,0.005321954139172247,False,False,0.0,0.0,10.954576470588236,0.0,0.0,False,False,26
21.583333333333332,13.78,2.38,18.010296006621164,0.4106151990065439,0.005321954139172247,False,True,0.0,10.957145882352943,10.957145882352943,0.8290496509852915,2.7907467289451318,False,False,27
21.666666666666668,13.77,2.37,11.037099523596327,0.6445478861944681,0.005321954139172247,False,True,0.0,6.410632792625139,6.410632792625139,1.045304547999011,2.4006298832220434,False,False,27
21.75,13.75,2.35,8.119770906529356,0.7842289344614789,0.005321954139172247,False,False,0.0,0.0,4.818774083633144,0.0,0.0,False,False,27
21.833333333333332,13.73,2.33,11.340457189678318,0.6316990474216265,0.005321954139172247,False,False,0.0,0.0,6.877986006823984,0.0,0.0,False,False,27
21.916666666666668,13.72,2.32,14.533733376800482,0.512531614396487,0.005321954139172247,False,False,0.0,0.0,10.964868235294118,0.0,0.0,False,False,27
22.0,13.7,2.3,17.713304515909247,0.41836815963577173,0.005321954139172247,False,True,0.0,10.96744705882353,10.96744705882353,0.849214442794711,2.819115508271401,False,False,28
22.083333333333332,13.67,2.3,10.746318300035403,0.6571393002624543,0.005321954139172247,False,True,0.0,5.966712607909784,5.966712607909784,1.0221525489777652,2.3722107364459584,False,False,28
22.166666666666668,13.63,2.3,8.065986959488292,0.7871040283457875,0.005321954139172247,True,False,1.647582203490831,0.0,0.0,0.0,0.0,False,False,28
22.25,13.6,2.3,14.301131954280883,0.5689595281189331,0.0058242939068417045,True,False,1.6123907410374805,0.0,0.0,0.0,0.0,False,False,28
22.333333333333332,13.57,2.3,14.925962380391432,0.5501710315433621,0.005864328017873462,True,False,1.578672521992031,0.0,0.0,0.0,0.0,False,False,28
22.416666666666668,13.53,2.3,14.991778828099466,0.5472818955461105,0.005858265281351402,True,False,1.535851045298828,0.0,0.0,0.0,0.0,False,False,28
22.5,13.5,2.3,14.999031024107564,0.5457088333291261,0.005844023457026266,True,False,1.5052304671491608,0.0,0.0,0.0,0.0,False,False,28
22.583333333333332,13.5,2.28,14.999880819672649,0.544590240074979,0.005832254273818575,True,False,1.492141506565255,0.0,0.0,0.0,0.0,False,False,28
22.666666666666668,13.5,2.27,14.999985071986695,0.5444530206136383,0.005830810473825938,True,False,1.4855970262733023,0.0,0.0,0.0,0.0,False,False,28
22.75,13.5,2.25,14.99999811307134,0.5444358557518311,0.005830629867170273,True,False,1.4725080656893965,0.0,0.0,0.0,0.0,False,False,28
22.833333333333332,13.5,2.23,14.999999757102584,0.5444336918565635,0.005830607098905066,True,False,1.4594191051054908,0.0,0.0,0.0,0.0,False,False,28
22.916666666666668,13.5,2.22,14.999999968157706,0.5444334140631107,0.005830604175993047,True,False,1.452874624813538,0.0,0.0,0.0,0.0,False,False,28
23.0,13.5,2.2,14.999999995787466,0.5444333776964595,0.005830603793347157,True,False,1.4397856642296323,0.0,0.0,0.0,0.0,False,False,28
23.083333333333332,13.48,2.2,14.99999999943246,0.5444333728988761,0.005830603742867526,True,False,1.420900442087422,0.0,0.0,0.0,0.0,False,False,28
23.166666666666668,13.47,2.2,14.999999999921501,0.5438222313399821,0.005823997445466731,True,False,1.4116425891874709,0.0,0.0,0.0,0.0,False,False,28
23.25,13.45,2.2,14.999999999989003,0.5434332035846734,0.00581979221868955,True,False,1.393484504183369,0.0,0.0,0.0,0.0,False,False,28
23.333333333333332,13.43,2.2,14.999999999998424,0.5427726429261736,0.005812651964174034,True,False,1.3757880919179892,0.0,0.0,0.0,0.0,False,False,28
23.416666666666668,13.42,2.2,14.999999999999769,0.5420750668957166,0.005805111772564591,True,False,1.3671075453243322,0.0,0.0,0.0,0.0,False,False,28
23.5,13.4,2.2,14.999999999999966,0.5416719070838648,0.005800754047402481,True,False,1.3500713132210325,0.0,0.0,0.0,0.0,False,False,28
23.583333333333332,13.4,2.2,14.999999999999991,0.5410138342532317,0.005793641115874107,True,False,1.3500713132210325,0.0,0.0,0.0,0.0,False,False,28
23.666666666666668,13.4,2.2,14.999999999999996,0.5409133780424359,0.005792555325997563,True,False,1.3500713132210325,0.0,0.0,0.0,0.0,False,False,28
23.75,13.4,2.2,14.999999999999998,0.540898043358877,0.005792389580038769,True,False,1.3500713132210325,0.0,0.0,0.0,0.0,False,False,28
23.833333333333332,13.4,2.2,14.999999999999995,0.540895702516825,0.005792364278897683,True,False,1.3500713132210325,0.0,0.0,0.0,0.0,False,False,28
23.916666666666668,13.4,2.2,14.999999999999998,0.5408953451869799,0.005792360416675369,True,False,1.3500713132210325,0.0,0.0,0.0,0.0,False,False,28
