time,T_amb,q_server_kW,T_room,phi_room,X_room,vent_on,ac_on,m_dot_vent,Q_AC_kW,Q_AC_max_kW,m_dot_ac,W_comp_kW,W_fan_kW,W_el_kW,COP_eff,fan_limited,ac_overloaded,n_cycles_cum
0.0,11.4,2.2,14.996831787906203,0.6001224486782688,0.006431847563044655,True,False,0.81997588693465,0.0,0.0,0.0,0.0,0.11248492769725377,0.11248492769725377,19.558175882204985,False,False,0
0.08333333333333333,11.25,2.18,14.346145187325503,0.5366505744915034,0.0055068044178405474,True,False,0.605900940579884,0.0,0.0,0.0,0.0,0.08306730298440376,0.08306730298440376,26.243779702457708,False,False,0
0.16666666666666666,11.1,2.17,14.599874293317729,0.5016677994190457,0.005230701275840441,True,False,0.6557043368421753,0.0,0.0,0.0,0.0,0.08984045792383517,0.08984045792383517,24.153928532284194,False,False,0
0.25,10.95,2.15,14.454957797952213,0.4915239394441574,0.005075893217427279,True,False,0.5866092340145436,0.0,0.0,0.0,0.0,0.08032456771145234,0.08032456771145234,26.76640611031215,False,False,0
0.3333333333333333,10.8,2.13,14.512743047436775,0.4814911108058588,0.004990219818692038,True,False,0.5795321578236167,0.0,0.0,0.0,0.0,0.07930723777112836,0.07930723777112836,26.85757390954577,False,False,0
0.4166666666666667,10.65,2.12,14.460822584480598,0.4768821033386645,0.004925375209269879,True,False,0.5422059310059684,0.0,0.0,0.0,0.0,0.07415415822214594,0.07415415822214594,28.58909130421317,False,False,0
0.5,10.5,2.1,14.481826085323343,0.47109514996283325,0.004871803606458263,True,False,0.5276899091071378,0.0,0.0,0.0,0.0,0.07212505748115676,0.07212505748115676,29.116094646422177,False,False,0
0.5833333333333334,10.38,2.08,14.449388581489465,0.4672855318425907,0.004821894844259257,True,False,0.5032344080417704,0.0,0.0,0.0,0.0,0.06874905709749994,0.06874905709749994,30.254960399677092,False,False,0
0.6666666666666666,10.27,2.07,14.450304612680249,0.46316882182377683,0.004779373708227604,True,False,0.49028912939252606,0.0,0.0,0.0,0.0,0.0669507420814353,0.0669507420814353,30.918253265694393,False,False,0
0.75,10.15,2.05,14.439740741172045,0.45982622928407213,0.004741352927864781,True,False,0.4737660463996944,0.0,0.0,0.0,0.0,0.06466306838958501,0.06466306838958501,31.702794981040277,False,False,0
0.8333333333333334,10.03,2.03,14.42672519557573,0.4566444283143691,0.004704303536326692,True,False,0.45740006775290454,0.0,0.0,0.0,0.0,0.06239904655944927,0.06239904655944927,32.532548362994035,False,False,0
0.9166666666666666,9.92,2.02,14.415371261824129,0.4534705348116061,0.004667904698772082,True,False,0.44323694910569267,0.0,0.0,0.0,0.0,0.060440032151660425,0.060440032151660425,33.42155733688679,False,False,0
1.0,9.8,2.0,14.413116011467787,0.4502008007050108,0.004633314963088882,True,False,0.4311609040355107,0.0,0.0,0.0,0.0,0.058764853779516533,0.058764853779516533,34.03394837846314,False,False,0
1.0833333333333333,9.67,2.0,14.394070073980277,0.44737283478544065,0.0045982823313685485,True,False,0.4144279069421776,0.0,0.0,0.0,0.0,0.05645461047666563,0.05645461047666563,35.42669027583955,False,False,0
1.1666666666666667,9.53,2.0,14.408034327110203,0.44347988674909383,0.004562126706051125,True,False,0.406118365443309,0.0,0.0,0.0,0.0,0.05529142668502371,0.05529142668502371,36.17197312330742,False,False,0
1.25,9.4,2.0,14.397521066881778,0.4400731415386677,0.004523725034575463,True,False,0.3929800370082963,0.0,0.0,0.0,0.0,0.05347466121032494,0.05347466121032494,37.40089146397131,False,False,0
1.3333333333333333,9.27,2.0,14.405481343226231,0.43619530451332533,0.00448590237691235,True,False,0.3850218249002031,0.0,0.0,0.0,0.0,0.05236431229134076,0.05236431229134076,38.19395142387329,False,False,0
1.4166666666666667,9.13,2.0,14.399280672974477,0.43272859146639914,0.004448197095074756,True,False,0.37334653953910873,0.0,0.0,0.0,0.0,0.050747811745070204,0.050747811745070204,39.41056631263093,False,False,0
1.5,9.0,2.0,14.40409473832754,0.428884836288961,0.004409788783947607,True,False,0.3655412370793763,0.0,0.0,0.0,0.0,0.04966086846663776,0.04966086846663776,40.27315795622066,False,False,0
1.5833333333333335,8.88,2.0,14.400218117008784,0.4253455549654024,0.0043720374550998455,True,False,0.3567275974601403,0.0,0.0,0.0,0.0,0.04844009281700536,0.04844009281700536,41.28811246410083,False,False,0
1.6666666666666665,8.77,2.0,14.40329532907562,0.42178268784059453,0.004336029618677237,True,False,0.35049920306188487,0.0,0.0,0.0,0.0,0.04757328859927344,0.04757328859927344,42.04039827573629,False,False,0
1.75,8.65,2.0,14.40074972204465,0.41857174754509346,0.004302078375179221,True,False,0.34264293628308884,0.0,0.0,0.0,0.0,0.046484528305313515,0.046484528305313515,43.02506818750241,False,False,0
1.8333333333333335,8.53,2.0,14.402797040328078,0.4152692886481832,0.004268472169850759,True,False,0.33612927333416803,0.0,0.0,0.0,0.0,0.045578872851419,0.045578872851419,43.87997936060708,False,False,0
1.9166666666666665,8.42,2.0,14.401050628414216,0.4120898347421313,0.004235086732333801,True,False,0.32959222906159935,0.0,0.0,0.0,0.0,0.04467271399649806,0.04467271399649806,44.77005807519959,False,False,0
2.0,8.3,2.0,14.402471818299556,0.40895004950834135,0.004202989969262151,True,False,0.32344883115828094,0.0,0.0,0.0,0.0,0.04381892657477647,0.04381892657477647,45.642377765393775,False,False,0
2.0833333333333335,8.18,2.0,14.401222658210207,0.40586395399584213,0.0041707204707823325,True,False,0.3169729901241377,0.0,0.0,0.0,0.0,0.04292094436320316,0.04292094436320316,46.59729718609438,False,False,0
2.1666666666666665,8.07,2.0,14.402240845549798,0.40272058909820563,0.00413847834707318,True,False,0.3117074137246458,0.0,0.0,0.0,0.0,0.0421893188283295,0.0421893188283295,47.40536362149156,False,False,0
2.25,7.95,2.0,14.40132072255615,0.3997241696617207,0.004107236717829623,True,False,0.30574654066355256,0.0,0.0,0.0,0.0,0.04136261294764481,0.04136261294764481,48.35284469410872,False,False,0
2.3333333333333335,7.83,2.0,14.40206999557387,0.3966660887622617,0.004075807414129592,True,False,0.30034445450469377,0.0,0.0,0.0,0.0,0.04061225931168648,0.04061225931168648,49.2462136777622,False,False,0
2.4166666666666665,7.72,2.0,14.401366208928787,0.3936388778513748,0.004044314687940223,True,False,0.2952819622871667,0.0,0.0,0.0,0.0,0.039910121653974236,0.039910121653974236,50.11260094219334,False,False,0
2.5,7.6,2.0,14.40194062438206,0.390669950755238,0.004013764738295644,True,False,0.29021302030347823,0.0,0.0,0.0,0.0,0.03920615995927288,0.03920615995927288,51.012391983239056,False,False,0
2.5833333333333335,7.5,2.02,14.401381806033559,0.38770899728069874,0.0039830039704110585,True,False,0.28591900629367406,0.0,0.0,0.0,0.0,0.038610601860481944,0.038610601860481944,52.31723678639352,False,False,0
2.6666666666666665,7.4,2.03,14.424507714990547,0.3843174587297201,0.003953890566883674,True,False,0.28636022990201115,0.0,0.0,0.0,0.0,0.03865471150829195,0.03865471150829195,52.51623723965803,False,False,0
2.75,7.3,2.05,14.415105019617112,0.3818104479947733,0.003925531336513479,True,False,0.2805538334103251,0.0,0.0,0.0,0.0,0.0378557788480845,0.0378557788480845,54.15289454819207,False,False,0
2.8333333333333335,7.2,2.07,14.446258464234148,0.3784079593296754,0.0038982284893680328,True,False,0.28258957408591084,0.0,0.0,0.0,0.0,0.03811521852900294,0.03811521852900294,54.30901566063117,False,False,0
2.9166666666666665,7.1,2.08,14.440886802674875,0.37591787731739246,0.003871063038122861,True,False,0.2777589358857442,0.0,0.0,0.0,0.0,0.037448693838123326,0.037448693838123326,55.54265814960225,False,False,0
3.0,7.0,2.1,14.45709147556928,0.37297078950492923,0.0038445804354275068,True,False,0.27703519764539497,0.0,0.0,0.0,0.0,0.03733618978937645,0.03733618978937645,56.24569651715047,False,False,0
3.0833333333333335,6.9,2.12,14.465185441278553,0.37024189287896647,0.0038182891189565953,True,False,0.2748608354771353,0.0,0.0,0.0,0.0,0.03702835100165514,0.03702835100165514,57.253427242958715,False,False,0
3.1666666666666665,6.8,2.13,14.480644762924408,0.3673687548094414,0.0037922909501764274,True,False,0.2740683394056257,0.0,0.0,0.0,0.0,0.036906842851864234,0.036906842851864234,57.712874779057664,False,False,0
3.25,6.7,2.15,14.477980068603703,0.36494200324074355,0.0037664351875815647,True,False,0.27009126115654325,0.0,0.0,0.0,0.0,0.03635675640096027,0.03635675640096027,59.13618850616754,False,False,0
3.3333333333333335,6.6,2.17,14.50328871111721,0.3618968837396268,0.003740973157150161,True,False,0.2711102398594488,0.0,0.0,0.0,0.0,0.03647935419252517,0.03647935419252517,59.48570220151117,False,False,0
3.4166666666666665,6.5,2.18,14.503020067417694,0.35944800098042834,0.0037154426107730777,True,False,0.26769359198563664,0.0,0.0,0.0,0.0,0.03600525318434733,0.03600525318434733,60.54672046988182,False,False,0
3.5,6.4,2.2,14.51470911086532,0.35675616093110557,0.0036902578827983272,True,False,0.2664027999183287,0.0,0.0,0.0,0.0,0.035817346121606246,0.035817346121606246,61.42275288991568,False,False,0
3.5833333333333335,6.3,2.25,14.526912907029548,0.35406788009541423,0.003665194457330651,True,False,0.2652336061597398,0.0,0.0,0.0,0.0,0.035645929506711985,0.035645929506711985,63.120811580361064,False,False,0
3.6666666666666665,6.2,2.3,14.573129487812702,0.3506235297197277,0.0036402531366374995,True,False,0.2697255069947381,0.0,0.0,0.0,0.0,0.036235164451252154,0.036235164451252154,63.47425311382905,False,False,0
3.75,6.1,2.35,14.587982131326505,0.34787169650885846,0.0036150051952726536,True,False,0.2689788998754457,0.0,0.0,0.0,0.0,0.03612046273541165,0.03612046273541165,65.06007459578073,False,False,0
3.8333333333333335,6.0,2.4,14.63169821735111,0.3445048722398904,0.0035899997734061685,True,False,0.27287254469886224,0.0,0.0,0.0,0.0,0.0366287295498872,0.0366287295498872,65.52233805246436,False,False,0
3.9166666666666665,5.9,2.45,14.64892910478431,0.3417251605265344,0.0035648552433036234,True,False,0.2724810544807776,0.0,0.0,0.0,0.0,0.03656160868341015,0.03656160868341015,67.01018057533364,False,False,0
4.0,5.8,2.5,14.690419273093598,0.33844711555983115,0.0035399903361835287,True,False,0.2758597009983139,0.0,0.0,0.0,0.0,0.03700021633762948,0.03700021633762948,67.56717250481269,False,False,0
4.083333333333333,5.73,2.58,14.709752053073654,0.3356600556642129,0.003515083786741099,True,False,0.2766779676090274,0.0,0.0,0.0,0.0,0.03709962493314305,0.03709962493314305,69.54248202372392,False,False,0
4.166666666666667,5.67,2.67,14.78350794795241,0.3319498918235484,0.0034926913882472855,True,False,0.285979381732454,0.0,0.0,0.0,0.0,0.038337687891932926,0.038337687891932926,69.64426252115807,False,False,0
4.25,5.6,2.75,14.819146590031254,0.3292662072935621,0.003472315155738221,True,False,0.28909079935856846,0.0,0.0,0.0,0.0,0.03874399914605898,0.03874399914605898,70.97873375520474,False,False,0
4.333333333333333,5.53,2.83,14.877885043983177,0.32620410774139497,0.0034529712007524364,True,False,0.2954871430258306,0.0,0.0,0.0,0.0,0.03959020674644405,0.03959020674644405,71.48232435674734,False,False,0
4.416666666666667,5.47,2.92,14.915958343016962,0.3236444558291678,0.0034341915113864077,True,False,0.2990780102639064,0.0,0.0,0.0,0.0,0.040061754967816,0.040061754967816,72.88747091448715,False,False,0
4.5,5.4,3.0,14.98365104960015,0.3206114780239126,0.003416784301874764,True,False,0.3064449649089867,0.0,0.0,0.0,0.0,0.04103713403557246,0.04103713403557246,73.10452034490255,False,False,0
4.583333333333333,5.35,3.08,15.014011453568203,0.31836076684416914,0.0033993444790575127,True,False,0.33999571962166936,0.0,0.0,0.0,0.0,0.04552097958405225,0.04552097958405225,67.66110984744807,False,False,0
4.666666666666667,5.3,3.17,14.74453131337241,0.3223486796477198,0.003382554659568922,True,False,0.26919729233961914,0.0,0.0,0.0,0.0,0.036034828959574834,0.036034828959574834,87.97044669078961,False,False,0
4.75,5.25,3.25,15.428757458396118,0.3073422863841701,0.0033702246856127777,True,False,0.3967701505039172,0.0,0.0,0.0,0.0,0.0531012089590271,0.0531012089590271,61.203879604844786,False,False,0
4.833333333333333,5.2,3.33,14.543265798596405,0.32380123315285236,0.0033537590293818953,True,False,0.236585540104906,0.0,0.0,0.0,0.0,0.031656818318857055,0.031656818318857055,105.19060906434855,False,False,0
4.916666666666667,5.15,3.42,15.823718084367085,0.29736063472671337,0.00334422614156492,True,False,0.44554487648890445,0.0,0.0,0.0,0.0,0.05960520429176086,0.05960520429176086,57.3775401097441,False,False,0
5.0,5.1,3.5,14.395532448497274,0.3243705179766591,0.0033275674964647665,True,False,0.21159069864019298,0.0,0.0,0.0,0.0,0.028301077508289744,0.028301077508289744,123.67020297989734,False,False,0
5.083333333333333,5.08,3.58,16.193813621090523,0.28828969064965637,0.0033196703246306442,True,False,0.48835092063098734,0.0,0.0,0.0,0.0,0.06531363885032039,0.06531363885032039,54.812441367786974,False,False,0
5.166666666666667,5.07,3.67,14.284227965674551,0.32461196593694464,0.0033060197973576134,True,False,0.19353044635453612,0.0,0.0,0.0,0.0,0.02588236183621632,0.02588236183621632,141.79540581434466,False,False,0
5.25,5.05,3.75,16.53337091319097,0.2806388516900749,0.0033021637186544054,True,False,0.5263070591543997,0.0,0.0,0.0,0.0,0.0703816226409642,0.0703816226409642,53.28095402303766,False,False,0
5.333333333333333,5.03,3.83,14.225363754019991,0.3246044803628475,0.0032932929894517707,True,False,0.18337045659929196,0.0,0.0,0.0,0.0,0.024519687015838797,0.024519687015838797,156.2010150262507,False,False,0
5.416666666666667,5.02,3.92,16.803394901641422,0.2748855452191201,0.0032904066351627723,True,False,0.5545018449427812,0.0,0.0,0.0,0.0,0.07414319380915017,0.07414319380915017,52.870665513686355,False,False,0
5.5,5.0,4.0,14.222232576114802,0.3237424910858278,0.003283831548623063,True,False,0.18228007945223293,0.0,0.0,0.0,0.0,0.024370979359592804,0.024370979359592804,164.12963717953897,False,False,0
5.583333333333333,5.0,4.03,17.015062528365444,0.2704909557237517,0.0032815358545328424,True,False,0.5757871473722048,0.0,0.0,0.0,0.0,0.07698316089336622,0.07698316089336622,52.349110548762525,False,False,0
5.666666666666667,5.0,4.07,14.203140422889179,0.32348763109582246,0.0032771539691161416,True,False,0.1792352564540199,0.0,0.0,0.0,0.0,0.023963884307483672,0.023963884307483672,169.83891041107145,False,False,0
5.75,5.0,4.1,17.125712443203206,0.2681799812077577,0.0032763666970874244,True,False,0.5870952496590922,0.0,0.0,0.0,0.0,0.07849506240371264,0.07849506240371264,52.232584756899044,False,False,0
5.833333333333333,5.0,4.13,14.207660179621232,0.32316334359337595,0.003274815628911429,True,False,0.1799572095584167,0.0,0.0,0.0,0.0,0.02406040996326966,0.02406040996326966,171.65127303752553,False,False,0
5.916666666666667,5.0,4.17,17.19266297309384,0.2668975399593065,0.0032745437911355525,True,False,0.5938377368312517,0.0,0.0,0.0,0.0,0.0793965378485271,0.0793965378485271,52.52118181721646,False,False,0
6.0,5.0,4.2,14.236831819521658,0.32247375203273293,0.003274006710182333,True,False,0.18459987922685717,0.0,0.0,0.0,0.0,0.02468113827874431,0.02468113827874431,170.17043349321898,False,False,0
6.083333333333333,5.18,4.23,17.238434883152348,0.2660742806291493,0.003273912050992544,True,False,0.6073167566284007,0.0,0.0,0.0,0.0,0.08125681460819532,0.08125681460819532,52.05717231713111,False,False,0
6.166666666666667,5.37,4.27,14.283867650856887,0.32378167926808654,0.0032974415244583512,True,False,0.1999421146618319,0.0,0.0,0.0,0.0,0.026771763675537383,0.026771763675537383,159.49640269317405,False,False,0
6.25,5.55,4.3,17.244722433476415,0.2690886030371582,0.003312524127102731,True,False,0.6271358038709716,0.0,0.0,0.0,0.0,0.08403212469244271,0.08403212469244271,51.17090655196432,False,False,0
6.333333333333333,5.73,4.33,14.378251356784096,0.32833311839150403,0.0033646525502084644,True,False,0.2240364345191881,0.0,0.0,0.0,0.0,0.030040945304924776,0.030040945304924776,144.1366094192169,False,False,0
6.416666666666667,5.92,4.37,17.17665580714082,0.27622818366028895,0.003386192158529951,True,False,0.6405191798694414,0.0,0.0,0.0,0.0,0.08595194838948736,0.08595194838948736,50.842361131798235,False,False,0
6.5,6.1,4.4,14.510191843897033,0.3335630357380363,0.0034480069323439316,True,False,0.25620510941752495,0.0,0.0,0.0,0.0,0.0344051043097547,0.0344051043097547,127.88800058229997,False,False,0
6.583333333333333,6.42,4.42,17.075745565065546,0.28517577533173777,0.0034740911944756,True,False,0.6593823378507132,0.0,0.0,0.0,0.0,0.08865976579882609,0.08865976579882609,49.853504125301036,False,False,0
6.666666666666667,6.73,4.43,14.650391696930573,0.3410744214193478,0.003558365979783531,True,False,0.301146953588824,0.0,0.0,0.0,0.0,0.04054199307879132,0.04054199307879132,109.26941828909393,False,False,0
6.75,7.05,4.45,16.912092444216523,0.29889841666950273,0.003604424205272863,True,False,0.6822297803036896,0.0,0.0,0.0,0.0,0.09196286789323968,0.09196286789323968,48.389095533275835,False,False,0
6.833333333333333,7.37,4.47,14.812338621708108,0.351758569507732,0.003709287213851215,True,False,0.35627298140904623,0.0,0.0,0.0,0.0,0.048086203448689455,0.048086203448689455,92.95805614535006,False,False,0
6.916666666666667,7.68,4.48,16.744660818279176,0.3157272516970075,0.003768088965268704,True,False,0.7086112240014254,0.0,0.0,0.0,0.0,0.095760097171775,0.095760097171775,46.783578257692774,False,False,0
7.0,8.0,4.5,14.971841851088843,0.36386797310752594,0.003877679184220673,True,False,0.4179316959682344,0.0,0.0,0.0,0.0,0.05655080385888713,0.05655080385888713,79.57446566505016,False,False,0
7.083333333333333,8.33,4.52,16.58285709672846,0.33387687843746294,0.003945034889681185,True,False,0.7425997679455998,0.0,0.0,0.0,0.0,0.10061512142229367,0.10061512142229367,44.92366491343801,False,False,0
7.166666666666667,8.67,4.53,15.133323711968332,0.3768659771967114,0.004059346449798589,True,False,0.5410662748654325,0.0,0.0,0.0,0.0,0.07340945828280539,0.07340945828280539,61.70866950888612,False,False,0
7.25,9.0,4.55,16.082620604467195,0.361960006827916,0.004143963144987122,True,False,0.7369427450749012,0.0,0.0,0.0,0.0,0.10011788826621672,0.10011788826621672,45.44642399869044,False,False,0
7.333333333333333,9.33,4.57,15.444124729605942,0.38698775239144223,0.00425378272707979,True,False,0.6640410839828352,0.0,0.0,0.0,0.0,0.0903337396934484,0.0903337396934484,50.590178326597574,False,False,0
7.416666666666667,9.67,4.58,15.848523217371786,0.3855415759131063,0.004349812133966562,True,False,0.7758160658985443,0.0,0.0,0.0,0.0,0.10568398765663331,0.10568398765663331,43.33674477613766,False,False,0
7.5,10.0,4.6,15.61053676576511,0.40125875849850273,0.004459445466209846,True,False,0.777259436245616,0.0,0.0,0.0,0.0,0.10602177905401859,0.10602177905401859,43.38731193763763,False,False,0
7.583333333333333,10.37,4.62,15.756699490440145,0.4067756180938243,0.0045640495083394215,True,False,0.8586761454699868,0.0,0.0,0.0,0.0,0.11730276279507144,0.11730276279507144,39.38526160778638,False,False,0
7.666666666666667,10.73,4.63,15.69637575004788,0.41889402312086876,0.004682783773060947,True,False,0.9091638488812429,0.0,0.0,0.0,0.0,0.12438104536575484,0.12438104536575484,37.22432132954844,False,False,0
7.75,11.1,4.65,15.731613140164805,0.4286003296165078,0.004803036899489205,True,False,0.9885275164947164,0.0,0.0,0.0,0.0,0.1354417833804459,0.1354417833804459,34.332093715412,False,False,0
7.833333333333333,11.47,4.67,15.731470469378673,0.43979245671309813,0.004929408174260519,True,False,1.0741536567332874,0.0,0.0,0.0,0.0,0.14739518166607748,0.14739518166607748,31.68353230555287,False,False,0
7.916666666666667,11.83,4.68,15.745322084187235,0.4508749167729381,0.005059157163256831,True,False,1.1753503946641786,0.0,0.0,0.0,0.0,0.16151790327523027,0.16151790327523027,28.975116102300873,False,False,0
8.0,12.2,4.7,15.747540872051053,0.4622909158916806,0.005189065114722723,True,False,1.2981178878472055,0.0,0.0,0.0,0.0,0.17865811015742514,0.17865811015742514,26.30723002643754,False,False,0
8.083333333333334,12.6,4.72,15.759236893434062,0.47385746783258015,0.0053240259809092545,True,False,1.4641182996261433,0.0,0.0,0.0,0.0,0.2018341164798362,0.2018341164798362,23.38554096958896,False,False,0
8.166666666666666,13.0,4.73,15.768561875336706,0.4866368859729694,0.0054721662825901055,False,True,0.0,5.040294117647059,5.040294117647059,0.46062618417912893,0.9844158064917299,0.053449277561817,1.0378650840535468,4.895866374566564,False,False,1
8.25,13.4,4.75,15.454731351188865,0.4965253835750113,0.0054721662825901055,False,True,0.0,5.011870588235293,5.011870588235293,0.4717777130973811,0.9914358821052632,0.05542153441127867,1.0468574165165418,4.817638079716712,False,False,1
8.333333333333334,13.8,4.77,15.191705029154038,0.5049869773994197,0.0054721662825901055,False,True,0.0,4.983470588235294,4.983470588235294,0.4812109526279022,0.9984011533154883,0.05700228730179193,1.0554034406172803,4.743111999557099,False,False,1
8.416666666666666,14.2,4.78,14.978542081328897,0.5119632465139357,0.0054721662825901055,False,True,0.0,4.955235294117647,4.955235294117647,0.48870596281019385,1.0052482602828974,0.05820621745973595,1.0634544777426334,4.680445099736294,False,False,1
8.5,14.6,4.8,14.80436843938081,0.5177438188507785,0.0054721662825901055,False,True,0.0,4.927,4.927,0.49455362419245985,1.0118701749999999,0.05911505662545566,1.0709852316254556,4.619314628969741,False,False,1
8.583333333333334,14.97,4.82,14.678592714117471,0.5219636664642785,0.0054721662825901055,False,True,0.0,4.900882352941177,4.900882352941177,0.4983248129861108,1.01795709321024,0.05969274569152467,1.0776498389017646,4.564081878686604,False,False,1
8.666666666666666,15.33,4.83,14.598676098509463,0.524664955406683,0.0054721662825901055,False,True,0.0,4.875470588235294,4.875470588235294,0.4998683663636555,1.024076120208902,0.05994646102772511,1.084022581236627,4.511782702216421,False,False,1
8.75,15.7,4.85,14.553791138078106,0.5261890023438379,0.0054721662825901055,False,True,0.0,4.849352941176471,4.849352941176471,0.4995264635011898,1.0301647058823529,0.05993997331745199,1.0901046791998048,4.459236086273964,False,False,1
8.833333333333334,16.07,4.87,14.554429997805956,0.5261672753664666,0.0054721662825901055,False,True,0.0,4.823235294117646,4.823235294117646,0.4968028925786825,1.0372164705882352,0.05961269431399447,1.0968291649022297,4.4080586216990625,False,False,1
8.916666666666666,16.43,4.88,14.600679697589086,0.5245970397162282,0.0054721662825901055,False,True,0.0,4.797823529411764,4.797823529411764,0.4918047726788243,1.0440776470588238,0.058977853892160786,1.1030555009509846,4.359545081518826,False,False,1
9.0,16.8,4.9,14.682202154827477,0.5218420312678989,0.0054721662825901055,False,True,0.0,4.771705882352941,4.771705882352941,0.4850091932351365,1.051129411764706,0.05809447936194638,1.1092238911266525,4.310552324904122,False,False,1
9.083333333333334,17.07,4.92,14.810010702062153,0.5175554166344679,0.0054721662825901055,False,True,0.0,4.75264705882353,4.75264705882353,0.47677835684292763,1.056275294117647,0.056984374445038295,1.1132596685626852,4.27657052436718,False,False,1
9.166666666666666,17.33,4.93,14.977581843271903,0.5119949162801836,0.0054721662825901055,False,True,0.0,4.734294117647059,4.734294117647059,0.4669607586669846,1.0612305882352941,0.0556175237039456,1.1168481119392397,4.244905015777603,False,False,1
9.25,17.6,4.95,15.174740175863557,0.505538268888534,0.0054721662825901055,False,True,0.0,4.715235294117647,4.715235294117647,0.45606893486011685,1.0663764705882355,0.05404977345561549,1.120426244043851,4.212453931899791,False,False,1
9.333333333333334,17.87,4.97,15.412855114727238,0.4978618345805771,0.0054721662825901055,False,True,0.0,4.696176470588236,4.696176470588236,0.4438385621284951,1.0715223529411766,0.05221485082573414,1.1237372037669107,4.180851359452032,False,False,1
9.416666666666666,18.13,4.98,15.692713632998023,0.4890063771303576,0.0054721662825901055,False,True,0.0,4.677915294117647,4.677915294117647,0.4305413491670666,1.076355294117647,0.05011936622960946,1.1264746603472566,4.154272254462708,False,False,1
9.5,18.4,5.0,16.004036618644175,0.47936239306184814,0.0054721662825901055,False,True,0.0,4.659047058823529,4.659047058823529,0.4166731539274411,1.0812470588235294,0.04782048890051056,1.12906754772404,4.12987518259122,False,True,1
9.583333333333334,18.62,5.0,16.358490524549484,0.46864131976243345,0.0054721662825901055,False,True,0.0,4.6436729411764714,4.6436729411764714,0.40233837180732146,1.0852329411764707,0.0452833624445353,1.130516303621006,4.112285540032914,False,True,1
9.666666666666666,18.83,5.0,16.73228959955166,0.4576258205209936,0.0054721662825901055,False,True,0.0,4.628997647058823,4.628997647058823,0.38828859577607455,1.0890376470588237,0.04263900033978923,1.1316766473986128,4.096153199631574,False,True,1
9.75,19.05,5.0,17.1249579776194,0.44636634550068693,0.0054721662825901055,False,True,0.0,4.613623529411765,4.613623529411765,0.37446597359277745,1.0930235294117647,0.03987859475437167,1.1329021241661363,4.079050385508324,False,True,1
9.833333333333334,19.27,5.0,17.53750237523376,0.4348709292283449,0.0054721662825901055,False,True,0.0,4.598249411764707,4.598249411764707,0.3609374497756771,1.0970094117647058,0.037003526773569474,1.1340129385382753,4.062181113384899,False,True,1
9.916666666666666,19.48,5.0,17.970174609137906,0.4231706540814738,0.0054721662825901055,False,True,0.0,4.583574117647059,4.583574117647059,0.3477834292768414,1.1008141176470587,0.03401863991526734,1.134832757562326,4.046752477026059,False,True,1
10.0,19.7,5.0,18.422437814490443,0.41131726901257565,0.0054721662825901055,False,True,0.0,4.5682,4.5682,0.3349377963997422,1.1048,0.03254588806075478,1.1373458880607548,4.024786326414549,False,True,1
10.083333333333334,19.87,4.98,18.895276715118047,0.3993220429047878,0.0054721662825901055,False,True,0.0,4.55632,4.55632,0.3226988872434015,1.1078800000000002,0.031164335685480844,1.1390443356854811,4.008631859741987,False,True,1
10.166666666666666,20.03,4.97,19.362890436088385,0.3878447918574379,0.0054721662825901055,False,True,0.0,4.5451388235294115,4.5451388235294115,0.311426636151037,1.1107788235294118,0.029808423853996523,1.1405872473834084,3.9935593060552974,False,True,1
10.25,20.2,4.95,19.8352299030645,0.3766267382249792,0.0054721662825901055,False,True,0.0,4.533258823529412,4.533258823529412,0.3007230270833269,1.1138588235294118,0.028441524246930448,1.1423003477763423,3.977213312120143,False,True,1
10.333333333333334,20.37,4.93,20.301760761735103,0.36590364307067585,0.0054721662825901055,False,True,0.0,4.521378823529412,4.521378823529412,0.29079031512918746,1.116938823529412,0.02709719037195744,1.1440360139013694,3.9607173756459004,False,True,1
10.416666666666666,20.53,4.92,20.76215743665137,0.3556571189867526,0.0054721662825901055,False,True,0.0,4.510197647058823,4.510197647058823,0.28159851668684527,1.1198376470588236,0.0257801758847684,1.145617822943592,3.9453059187331165,False,True,1
10.5,20.7,4.9,21.22665191416206,0.3456454218146222,0.0054721662825901055,False,True,0.0,4.4983176470588235,4.4983176470588235,0.27281713857999507,1.1229176470588236,0.024454461888826495,1.14737210894765,3.9286069368108167,False,True,1
10.583333333333334,20.82,4.88,21.684554706849124,0.33608524713129323,0.0054721662825901055,False,True,0.0,4.489931764705882,4.489931764705882,0.2648351161657481,1.1250917647058825,0.023171226258490833,1.1482629909643733,3.9179599919406725,False,True,1
10.666666666666666,20.93,4.87,22.13154085347878,0.3270392034630334,0.0054721662825901055,False,True,0.0,4.482244705882353,4.482244705882353,0.2574836082577324,1.127084705882353,0.022085235173783666,1.1491699410561367,3.907860862250983,False,True,1
10.75,21.05,4.85,22.578018093798708,0.31827624583166564,0.0054721662825901055,False,True,0.0,4.4738588235294126,4.473858823529412,0.2504740961399174,1.1292588235294119,0.021382687541279196,1.1506415110706911,3.8951983521020517,False,True,1
10.833333333333334,21.17,4.83,23.013115953700098,0.3099902820328873,0.0054721662825901055,False,True,0.0,4.46547294117647,4.46547294117647,0.2439658660543692,1.1314329411764708,0.020699439898901974,1.1521323810753727,3.882443093840632,False,True,1
10.916666666666666,21.28,4.82,23.436584104386228,0.302158458019328,0.0054721662825901055,False,True,0.0,4.45778588235294,4.45778588235294,0.2379519101341994,1.1334258823529413,0.020038908217608075,1.1534647905705493,3.8708430170820556,False,True,1
11.0,21.4,4.8,23.859031871974437,0.29456695994697724,0.0054721662825901055,False,True,0.0,4.449400000000001,4.449400000000001,0.2321841160098195,1.1356,0.019378991185355545,1.1549789911853554,3.8579577031826595,False,True,1
11.083333333333334,21.48,4.78,24.269489496537464,0.287396235044095,0.0054721662825901055,False,True,0.0,4.443809411764706,4.443809411764706,0.22695286269964818,1.1370494117647059,0.018750841350975322,1.1558002531156812,3.849982220618503,False,True,1
11.166666666666666,21.57,4.77,24.664436996911608,0.2806817389684903,0.0054721662825901055,False,True,0.0,4.43752,4.43752,0.22207990163618746,1.13868,0.01814414074600132,1.1568241407460012,3.8406571572459516,False,True,1
11.25,21.65,4.75,25.05628343859318,0.2741942599923197,0.0054721662825901055,False,True,0.0,4.431929411764706,4.431929411764706,0.21746673093066618,1.1401294117647058,0.017546400278276503,1.1576758120429824,3.8325465972373856,False,True,1
11.333333333333334,21.73,4.73,25.432291823463764,0.2681275835433951,0.0054721662825901055,False,True,0.0,4.426338823529411,4.426338823529411,0.21319549425248188,1.1415788235294118,0.016973317015163386,1.1585521405445751,3.824338633909483,False,True,1
11.416666666666666,21.82,4.72,25.792281576866515,0.26246088336591583,0.0054721662825901055,False,True,0.0,4.420049411764706,4.420049411764706,0.20920662159842698,1.1432094117647058,0.01642247083480391,1.1596318825995098,3.81477801719055,False,True,1
11.5,21.9,4.7,26.148812730237374,0.2569814520798836,0.0054721662825901055,False,True,0.0,4.4144588235294115,4.4144588235294115,0.2054196232875376,1.1446588235294117,0.01596042370863531,1.160619247238047,3.8061792388639124,False,True,1
11.583333333333334,21.92,4.68,26.489069200525797,0.25187224812015774,0.0054721662825901055,False,True,0.0,4.413061176470587,4.413061176470587,0.2021030154213902,1.1450211764705882,0.015640551409931196,1.1606617278805194,3.804702568318229,False,True,1
11.666666666666666,21.93,4.67,26.807859221597585,0.24718919015050111,0.0054721662825901055,False,True,0.0,4.412362352941176,4.412362352941176,0.1991171123172563,1.1452023529411763,0.015343163891391991,1.1605455168325682,3.80441574508163,False,True,1
11.75,21.95,4.65,27.116151770874826,0.242753626798003,0.0054721662825901055,False,True,0.0,4.4109647058823525,4.4109647058823525,0.19627928669505576,1.1455647058823528,0.015053194541155744,1.1606179004235087,3.802836907547884,False,True,1
11.833333333333334,21.97,4.63,27.402724167329612,0.23871100303214676,0.0054721662825901055,False,True,0.0,4.409567058823529,4.409567058823529,0.19370711354633102,1.1459270588235295,0.014783486325888839,1.1607105451494184,3.8011894977752245,False,True,1
11.916666666666666,21.98,4.62,27.66744693528094,0.23504404285450023,0.0054721662825901055,False,True,0.0,4.4088682352941175,4.4088682352941175,0.19141455658490322,1.1461082352941176,0.014536443900410357,1.160644679194528,3.8007332943081478,False,True,1
12.0,22.0,4.6,27.921386592384607,0.2315861277865497,0.0054721662825901055,False,True,0.0,4.407470588235294,4.407470588235294,0.18923392031923852,1.1464705882352941,0.014297178080658153,1.1607677663159524,3.798982835498548,False,True,1
12.083333333333334,21.95,4.58,28.15328843618923,0.2284784288476663,0.0054721662825901055,False,True,0.0,4.4109647058823525,4.4109647058823525,0.18748708227734479,1.1455647058823528,0.014094049393391466,1.1596587552757442,3.805990045122624,False,True,1
12.166666666666666,21.9,4.57,28.357128505078713,0.2257856438468395,0.0054721662825901055,False,True,0.0,4.4144588235294115,4.4144588235294115,0.18599808375757365,1.144658823529412,0.013916553053170067,1.158575376582582,3.8129165879723104,False,True,1
12.25,21.85,4.55,28.54488207841006,0.22333705029579784,0.0054721662825901055,False,True,0.0,4.41795294117647,4.41795294117647,0.18466092883973265,1.1437529411764706,0.013753658434757711,1.1575065996112284,3.8197982292354418,False,True,1
12.333333333333334,21.8,4.53,28.704417985451308,0.2212800181467696,0.0054721662825901055,False,True,0.0,4.421447058823529,4.421447058823529,0.18356318415786105,1.1428470588235295,0.013616646473110106,1.1564637052966396,3.8265971844220923,False,True,1
12.416666666666666,21.75,4.52,28.83566487345352,0.2196037821948211,0.0054721662825901055,False,True,0.0,4.424941176470588,4.424941176470588,0.1826966907420066,1.1419411764705882,0.013505645379112544,1.1554468218497007,3.8333123306601227,False,True,1
12.5,21.7,4.5,28.950662980708927,0.21814685634087413,0.0054721662825901055,False,True,0.0,4.428435294117647,4.428435294117647,0.1819630524433852,1.1410352941176471,0.013409538396534065,1.1544448325141812,3.839980010001417,False,True,1
12.583333333333334,21.6,4.5,29.03728126299325,0.2170566889186648,0.0054721662825901055,False,True,0.0,4.435423529411764,4.435423529411764,0.18159345877135605,1.1392235294117647,0.013350150280711778,1.1525736796924766,3.852876120871932,False,True,1
12.666666666666666,21.5,4.5,29.115460604558592,0.2160780169331394,0.0054721662825901055,False,True,0.0,4.4424117647058825,4.4424117647058825,0.18128993742606342,1.1374117647058823,0.0132983683284747,1.150710133034357,3.8657494607556675,False,True,1
12.75,21.4,4.5,29.185193769182746,0.21520928299508876,0.0054721662825901055,False,True,0.0,4.449400000000001,4.449400000000001,0.18105158411320688,1.1356000000000002,0.013254236383159557,1.1488542363831598,3.878599466751315,False,True,1
12.833333333333334,21.3,4.5,29.246474671838964,0.214449104819474,0.0054721662825901055,False,True,0.0,4.456388235294117,4.456388235294117,0.1808776328660829,1.1337882352941178,0.013217797254921466,1.1470060325490392,3.8914255789996424,False,True,1
12.916666666666666,21.2,4.5,29.29929835507724,0.21379627175134666,0.0054721662825901055,False,True,0.0,4.463376470588235,4.463376470588235,0.18076745179212705,1.1319764705882354,0.013189092734402715,1.145165563322638,3.904227240730698,False,True,1
13.0,21.1,4.5,29.343660969067564,0.21324974170464714,0.0054721662825901055,False,True,0.0,4.4703647058823535,4.4703647058823535,0.18072053950999137,1.1301647058823532,0.013168163603176972,1.1433328694855303,3.9170038983197824,False,True,1
13.083333333333334,20.98,4.52,29.37955975516736,0.21280863850692167,0.0054721662825901055,False,True,0.0,4.478750588235293,4.478750588235293,0.18079294081744485,1.1279905882352943,0.013159156111263306,1.1411497443465577,3.9322820919871506,False,True,1
13.166666666666666,20.87,4.53,29.429524918348154,0.21219641152109578,0.0054721662825901055,False,True,0.0,4.486437647058823,4.486437647058823,0.18073283654603195,1.1259976470588235,0.013134743228492023,1.1391323902873156,3.9463445073665593,False,True,1
13.25,20.75,4.55,29.482293848469773,0.21155199039306877,0.0054721662825901055,False,True,0.0,4.494823529411764,4.494823529411764,0.1806803774734792,1.1238235294117647,0.013109565663149223,1.136933095074914,3.961682267909365,False,True,1
13.333333333333334,20.63,4.57,29.549133791606234,0.210738905536256,0.0054721662825901055,False,True,0.0,4.503209411764706,4.503209411764706,0.18052461205236348,1.121649411764706,0.013070917521367673,1.1347203292860737,3.977069471293274,False,True,1
13.416666666666666,20.52,4.58,29.63005130764042,0.20975929483396008,0.0054721662825901055,False,True,0.0,4.510896470588236,4.510896470588236,0.18023867788565592,1.1196564705882353,0.013016701845689652,1.132673172433925,3.9912431403911572,False,True,1
13.5,20.4,4.6,29.713786945365147,0.20875098326553712,0.0054721662825901055,False,True,0.0,4.519282352941177,4.519282352941177,0.1799619238350763,1.1174823529411766,0.012961559823549264,1.1304439127647259,4.006694358748431,False,True,1
13.583333333333334,20.23,4.62,29.811613953508623,0.20757992252750798,0.0054721662825901055,False,True,0.0,4.531162352941177,4.531162352941177,0.1797235787355052,1.1144023529411764,0.012902696516897304,1.1273050494580736,4.028520059854133,False,True,1
13.666666666666666,20.07,4.63,29.919299242457654,0.2062994302532428,0.0054721662825901055,False,True,0.0,4.542343529411765,4.542343529411765,0.1793885008733626,1.1115035294117648,0.012831981790484226,1.124335511202249,4.049122105522047,False,True,1
13.75,19.9,4.65,30.025576513594558,0.20504443039486453,0.0054721662825901055,False,True,0.0,4.554223529411765,4.554223529411765,0.17909386189264243,1.1084235294117648,0.012788486382236338,1.121212015794001,4.070902588711591,False,True,1
13.833333333333334,19.73,4.67,30.14172154008336,0.20368276657733486,0.0054721662825901055,False,True,0.0,4.566103529411764,4.566103529411764,0.17873153780402665,1.1053435294117646,0.012821846013629,1.1181653754253935,4.092405358753864,False,True,1
13.916666666666666,19.57,4.68,30.26774389114438,0.20221685624678207,0.0054721662825901055,False,True,0.0,4.577284705882352,4.577284705882352,0.17827560122885738,1.102444705882353,0.012853243313763273,1.1152979491961164,4.112643259970121,False,True,1
14.0,19.4,4.7,30.39237143372597,0.2007788930307778,0.0054721662825901055,False,True,0.0,4.589164705882353,4.589164705882353,0.17786104207196174,1.0993647058823528,0.012886602945155937,1.1122513088275088,4.134146030012394,False,True,1
14.083333333333334,19.23,4.72,30.526888427006387,0.19923978608876153,0.0054721662825901055,False,True,0.0,4.601044705882353,4.601044705882353,0.17738178575186758,1.0962847058823528,0.012919962576548597,1.1092046684589014,4.155648800054667,False,True,1
14.166666666666666,19.07,4.73,30.671306574888003,0.19760222749836892,0.0054721662825901055,False,True,0.0,4.612225882352941,4.612225882352941,0.1768125327248448,1.0933858823529412,0.012951359876682868,1.106337242229624,4.175886701270924,False,True,1
14.25,18.9,4.75,30.814345054729475,0.1959953030790848,0.0054721662825901055,False,True,0.0,4.624105882352941,4.624105882352941,0.17628570991067735,1.0903058823529412,0.012984719508075532,1.1032906018610167,4.197389471313198,False,True,1
14.333333333333334,18.73,4.77,30.967299187254362,0.1942933169453815,0.0054721662825901055,False,True,0.0,4.635985882352942,4.635985882352942,0.17569757720825305,1.0872258823529413,0.013018079139468194,1.1002439614924096,4.218892241355471,False,True,1
14.416666666666666,18.57,4.78,31.130182606676396,0.1924992008648432,0.0054721662825901055,False,True,0.0,4.64716705882353,4.64716705882353,0.17502347008722155,1.0843270588235294,0.013049476439602466,1.097376535263132,4.239130142571728,False,True,1
14.5,18.4,4.8,31.291703097714052,0.19073858349833187,0.0054721662825901055,False,True,0.0,4.65904705882353,4.65904705882353,0.17439291120787748,1.0812470588235294,0.013082836070995129,1.0943298948945246,4.260632912614001,False,True,1
14.583333333333334,18.23,4.82,31.463169442161647,0.18888946156756029,0.0054721662825901055,False,True,0.0,4.67092705882353,4.67092705882353,0.17370474326065063,1.0781670588235295,0.013116195702387791,1.0912832545259172,4.282135682656273,False,True,1
14.666666666666666,18.07,4.83,31.644596984952106,0.1869549692043958,0.0054721662825901055,False,True,0.0,4.682108235294118,4.682108235294118,0.17293493823182704,1.0752682352941176,0.013147593002522062,1.0884158282966396,4.302373583872531,False,True,1
14.75,17.9,4.85,31.82467959042826,0.18505695951815831,0.0054721662825901055,False,True,0.0,4.694058823529412,4.694058823529412,0.172212405963647,1.0720941176470589,0.013279557668056472,1.0853736753151153,4.325830128940634,False,True,1
14.833333333333334,17.73,4.87,32.014655388228356,0.18307827949017877,0.0054721662825901055,False,True,0.0,4.706058823529412,4.706058823529412,0.17143850439529829,1.068854117647059,0.0134805458574901,1.082334663504549,4.3506543165268186,False,True,1
14.916666666666666,17.57,4.88,32.214480545467005,0.18102281246546134,0.0054721662825901055,False,True,0.0,4.717352941176471,4.717352941176471,0.17058811528773052,1.065804705882353,0.013669711212251166,1.0794744170946042,4.374018257784403,False,True,1
15.0,17.4,4.9,32.412841060183474,0.17900821029696276,0.0054721662825901055,False,True,0.0,4.7293529411764705,4.7293529411764705,0.16978453417536213,1.0625647058823529,0.0138706994016848,1.0764354052840377,4.398842445370588,False,True,1
15.083333333333334,17.23,4.92,32.62107004055229,0.1769206426085342,0.0054721662825901055,False,True,0.0,4.741352941176471,4.741352941176471,0.16893212131233779,1.059324705882353,0.014071687591118428,1.0733963934734714,4.423666632956771,False,True,1
15.166666666666666,17.07,4.93,32.83918518350364,0.17476346810127885,0.0054721662825901055,False,True,0.0,4.75264705882353,4.75264705882353,0.16800781891821484,1.056275294117647,0.014260852945879494,1.0705361470635264,4.447030574214357,False,True,1
15.25,16.9,4.95,33.05585422538734,0.1726500367341313,0.0054721662825901055,False,True,0.0,4.764647058823529,4.764647058823529,0.1671312607526445,1.053035294117647,0.014461841135313125,1.0674971352529603,4.471854761800541,False,True,1
15.333333333333334,16.73,4.97,33.28242957287793,0.17047087957421214,0.0054721662825901055,False,True,0.0,4.77664705882353,4.77664705882353,0.16620990007626568,1.0497952941176472,0.014662829324746756,1.064458123442394,4.496678949386725,False,True,1
15.416666666666666,16.57,4.98,33.51892989532442,0.16822943176907207,0.0054721662825901055,False,True,0.0,4.787941176470588,4.787941176470588,0.1652212982320959,1.0467458823529412,0.01485199467950782,1.061597877032449,4.52004289064431,False,True,1
15.5,16.4,5.0,33.7540028191613,0.1660345381296261,0.0054721662825901055,False,True,0.0,4.799941176470588,4.799941176470588,0.16428127089799324,1.043505882352941,0.015052982868941453,1.0585588652218825,4.544867078230495,False,True,1
15.583333333333334,16.27,4.97,33.99902160782183,0.16378124163503452,0.0054721662825901055,False,True,0.0,4.809117647058824,4.809117647058824,0.16320464147080105,1.0410282352941178,0.015206679719684818,1.0562349150138026,4.563850280502283,False,True,1
15.666666666666666,16.13,4.93,34.196201768472605,0.16199303320005506,0.0054721662825901055,False,True,0.0,4.819000000000001,4.819000000000001,0.16243552626660895,1.03836,0.015372199405100751,1.0537321994051008,4.58429372910267,False,True,1
15.75,16.0,4.9,34.3323153702343,0.1607715383823905,0.0054721662825901055,False,True,0.0,4.828176470588236,4.828176470588236,0.16198963966008484,1.0358823529411765,0.015525896255844114,1.0514082491970207,4.603276931374458,False,True,1
15.833333333333334,15.87,4.87,34.42041519005845,0.15998648812956118,0.0054721662825901055,False,True,0.0,4.837352941176471,4.837352941176471,0.16181151640583083,1.033404705882353,0.01567959310658748,1.0490842989889404,4.622260133646247,False,True,1
15.916666666666666,15.73,4.83,34.46046534200227,0.15963104155428545,0.0054721662825901055,False,True,0.0,4.847235294117647,4.847235294117647,0.1619216605900244,1.0311042769283671,0.01584511279200341,1.0469493897203705,4.642703582246632,False,False,1
16.0,15.6,4.8,34.439323308519086,0.15981856623126223,0.0054721662825901055,False,True,0.0,4.856411764705882,4.856411764705882,0.1623447053391039,1.0294672796712803,0.015998809642746775,1.045466089314027,4.661686784518421,False,False,1
16.083333333333332,15.48,4.75,34.37014424855566,0.16043391477852811,0.0054721662825901055,False,True,0.0,4.864882352941176,4.864882352941176,0.1630109252645146,1.0284531552402112,0.016140683658817573,1.0445938388990288,4.6792097404616095,False,False,1
16.166666666666668,15.37,4.7,34.22932420376097,0.16169482437803367,0.0054721662825901055,False,True,0.0,4.87264705882353,4.87264705882353,0.16405770452025656,1.0276363379076787,0.01627073484021581,1.0439070727478945,4.6952724500761995,False,False,1
16.25,15.25,4.65,34.017845870998194,0.16360956393362872,0.0054721662825901055,False,True,0.0,4.881117647058823,4.881117647058823,0.16554061166730344,1.0266658066748522,0.016412608856286606,1.0430784155311388,4.712795406019388,False,False,1
16.333333333333332,15.13,4.6,33.7350268470094,0.16621050943201737,0.0054721662825901055,False,True,0.0,4.889588235294117,4.889588235294117,0.16746001670983507,1.0257180814472695,0.016554482872357404,1.042272564319627,4.730318361962578,False,False,1
16.416666666666668,15.02,4.55,33.38111218660137,0.1695315211535089,0.0054721662825901055,False,True,0.0,4.897352941176471,4.897352941176471,0.16981750005805463,1.0249701794288757,0.016684534053755636,1.0416547134826313,4.746381071577167,False,False,1
16.5,14.9,4.5,32.957270399839025,0.17360803278288556,0.0054721662825901055,False,True,0.0,4.905823529411765,4.905823529411765,0.17269016511815147,1.0240704795386388,0.016826408069826434,1.0408968876084652,4.763904027520356,False,False,1
16.583333333333332,14.8,4.45,32.463032514366084,0.1785024844304006,0.0054721662825901055,False,True,0.0,4.9128823529411765,4.9128823529411765,0.17605092979964349,1.0235489617666498,0.016944636416552097,1.040493598183202,4.778506490806346,False,False,1
16.666666666666668,14.7,4.4,31.900568838614166,0.1842636513060412,0.0054721662825901055,False,True,0.0,4.919941176470589,4.919941176470589,0.17999021529956644,1.0230539637621892,0.017062864763277764,1.040116828525467,4.793108954092338,False,False,1
16.75,14.6,4.35,31.2704299330426,0.19096942175162548,0.0054721662825901055,False,True,0.0,4.927,4.927,0.18457200574837995,1.0225863999999998,0.01718109311000343,1.0397674931100032,4.807711417378328,False,False,1
16.833333333333332,14.5,4.3,30.573271862234805,0.19871217661344998,0.0054721662825901055,False,True,0.0,4.934058823529412,4.934058823529412,0.18987530177769746,1.022147227488533,0.017299321456729095,1.0394465489452622,4.822313880664319,False,False,1
16.916666666666668,14.4,4.25,29.809873391746713,0.20760069331799125,0.0054721662825901055,False,True,0.0,4.941117647058824,4.941117647058824,0.19599775473153114,1.0217374482719317,0.017446124198471594,1.0391835724704033,4.836803438054922,False,False,1
17.0,14.3,4.2,28.981157721292423,0.21776234896442215,0.0054721662825901055,False,True,0.0,4.948176470588235,4.948176470588235,0.20306051543555145,1.0213581121107267,0.01766534396626402,1.0390234560769906,4.851006854333434,False,False,1
17.083333333333332,14.22,4.13,28.088220058176873,0.22934562479680748,0.0054721662825901055,False,True,0.0,4.953823529411765,4.953823529411765,0.21115459093335756,1.0219439977881482,0.017838118248544393,1.0397821160366925,4.862379866779287,False,False,1
17.166666666666668,14.13,4.07,27.110258619112784,0.24283756768082476,0.0054721662825901055,False,True,0.0,4.960176470588235,4.960176470588235,0.22077696316260625,1.022119311355772,0.01799066672525364,1.0401099780810257,4.875339759220718,False,False,1
17.25,14.05,4.0,26.060232292911646,0.2583306699265341,0.0054721662825901055,False,True,0.0,4.9658235294117645,4.9658235294117645,0.23204839808197114,1.0228322721280276,0.0181046320428635,1.0409369041708911,4.886945143298901,False,False,1
17.333333333333332,13.97,3.93,24.929413490112548,0.2762760456695603,0.0054721662825901055,False,True,0.0,4.971470588235294,4.971470588235294,0.24549395712866515,1.0236190765207744,0.019891283242987993,1.0435103597637625,4.890445576516466,False,False,1
17.416666666666668,13.88,3.87,23.720758905952124,0.29702784019227535,0.0054721662825901055,False,True,0.0,4.977823529411765,4.977823529411765,0.2616775685459779,1.0239741214881577,0.021908344528267922,1.0458824660164256,4.894275668951909,False,False,1
17.5,13.8,3.8,22.44866120862847,0.32078760470721657,0.0054721662825901055,False,True,0.0,4.983470588235293,4.983470588235293,0.2810737183410129,1.0249085746494264,0.02403176162192807,1.0489403362713545,4.896020136321598,False,False,1
17.583333333333332,13.73,3.75,21.106786702459846,0.3481982818779815,0.0054721662825901055,False,True,0.0,4.988421176470589,4.988421176470589,0.30479276694951424,1.0253801829270586,0.02747878799332517,1.0528589709203837,4.890637766788912,False,False,1
17.666666666666668,13.67,3.7,19.724054256564678,0.37923394489019574,0.0054721662825901055,False,True,0.0,4.992684705882353,4.992684705882353,0.33370074897618723,1.0260369626327503,0.03165808717980332,1.0576950498125537,4.88144881043522,False,False,1
17.75,13.6,3.65,18.30738572727469,0.41429688617126664,0.0054721662825901055,False,True,0.0,4.997658823529412,4.997658823529412,0.3695934866395224,1.0265529379532634,0.03595167815592263,1.062504616109186,4.873334104319098,False,False,1
17.833333333333332,13.53,3.6,16.863986631538726,0.453814337990824,0.0054721662825901055,False,True,0.0,5.00263294117647,5.00263294117647,0.4149716615097667,1.0271178590457517,0.04512828679895241,1.0722461458447041,4.843023814874941,False,False,1
17.916666666666668,13.47,3.55,15.404250375133415,0.49813694854831797,0.0054721662825901055,False,True,0.0,5.006896470588235,5.006896470588235,0.4735962625495134,1.0279222415509528,0.05573189707395177,1.0836541386249046,4.804162641202679,False,False,1
18.0,13.4,3.5,13.942573862295287,0.5474445404741786,0.0054721662825901055,False,True,0.0,5.009098391619399,5.009098391619398,0.55124857056389,1.0285134575467636,0.06824514061458078,1.0967585981613444,4.757072296256281,False,False,1
18.083333333333332,13.35,3.45,12.499022689827612,0.601574330246663,0.0054721662825901055,False,True,0.0,4.941631940368843,4.941631940368843,0.6485092538355105,1.0275871727902408,0.12569402200614627,1.153281194796387,4.479192968006508,False,False,1
18.166666666666668,13.3,3.4,11.153105483354258,0.657495437941931,0.0054721662825901055,False,True,0.0,4.876487701177776,4.876487701177776,0.7799436431408979,1.026731291116439,0.17922788115993044,1.2059591722763694,4.217356890554342,False,False,1
18.25,13.25,3.35,9.919063924970542,0.7139244037932472,0.0054721662825901055,False,False,0.0,0.0,4.818774083633144,0.0,0.0,0.0,0.0,,False,False,1
18.333333333333332,13.2,3.3,14.508988443716891,0.5277152098824213,0.0054721662825901055,False,False,0.0,0.0,5.0260823529411764,0.0,0.0,0.0,0.0,,False,False,1
18.416666666666668,13.15,3.25,19.030406626362545,0.3959666144117179,0.0054721662825901055,False,True,0.0,5.0296352941176465,5.0296352941176465,0.35279034160346856,1.034717606877828,0.03399257970978442,1.0687101865876125,4.962881846575875,False,False,2
18.5,13.1,3.2,17.1037983702252,0.4469650882628512,0.0054721662825901055,False,True,0.0,5.033188235294118,5.033188235294118,0.4092342200992546,1.0361413897058824,0.043659120884048816,1.0798005105899313,4.9251831423551025,False,False,2
18.583333333333332,13.05,3.17,15.189070771921443,0.5050725362161086,0.0054721662825901055,False,True,0.0,5.0367411764705885,5.0367411764705885,0.48648057678283463,1.0366510918537761,0.057630790368389986,1.094281882222166,4.867284818299826,False,False,2
18.666666666666668,13.0,3.13,13.331085812828277,0.569677687333795,0.0054721662825901055,True,False,1.4887234243377223,0.0,0.0,0.0,0.0,0.20556242227487026,0.20556242227487026,15.226518375107892,False,False,2
18.75,12.95,3.1,14.8475641666427,0.5301529635559336,0.005620280387836489,True,False,1.5784421913489326,0.0,0.0,0.0,0.0,0.21790610140110206,0.21790610140110206,14.226311149928737,False,False,2
18.833333333333332,12.9,3.07,14.876074147415377,0.5294055328887823,0.005622704881687542,True,False,1.5395916943448698,0.0,0.0,0.0,0.0,0.21249919940461223,0.21249919940461223,14.447113253139937,False,False,2
18.916666666666668,12.85,3.03,14.861270790920683,0.5284071922266859,0.005606604040595585,True,False,1.5005597647492135,0.0,0.0,0.0,0.0,0.2070694779989197,0.2070694779989197,14.632769779889085,False,False,2
19.0,12.8,3.0,14.837542846040582,0.527525566202595,0.005588531047052969,True,False,1.462050638069296,0.0,0.0,0.0,0.0,0.20171411190708163,0.20171411190708163,14.872534061384519,False,False,2
19.083333333333332,12.78,2.97,14.819172644041332,0.5264418907798002,0.0055702851159251145,True,False,1.4460393366356534,0.0,0.0,0.0,0.0,0.1994887514902327,0.1994887514902327,14.888057486015276,False,False,2
19.166666666666668,12.77,2.93,14.801163237358427,0.5262331636273848,0.005561534462334155,True,False,1.437122433182696,0.0,0.0,0.0,0.0,0.19825050111526074,0.19825050111526074,14.779281684118061,False,False,2
19.25,12.75,2.9,14.777288903517345,0.5266361749040057,0.0055571891590963565,True,False,1.4204593114950785,0.0,0.0,0.0,0.0,0.1959357871536805,0.1959357871536805,14.800767343871748,False,False,2
19.333333333333332,12.73,2.87,14.759239317057784,0.5265996852090011,0.005550274972504027,True,False,1.4044392424443128,0.0,0.0,0.0,0.0,0.1937101468999664,0.1937101468999664,14.815950769383768,False,False,2
19.416666666666668,12.72,2.83,14.741236405311923,0.5265290896879284,0.005543023112481695,True,False,1.3953144579818046,0.0,0.0,0.0,0.0,0.19244371568857507,0.19244371568857507,14.70559841288707,False,False,2
19.5,12.7,2.8,14.717240711582003,0.5269525655415974,0.00553885918647622,True,False,1.3784726533067004,0.0,0.0,0.0,0.0,0.1901053094311729,0.1901053094311729,14.72867858545388,False,False,2
19.583333333333332,12.67,2.77,14.69931025197818,0.5269167841405905,0.005532015596482111,True,False,1.3557273009376247,0.0,0.0,0.0,0.0,0.18694554439258965,0.18694554439258965,14.81714907407978,False,False,2
19.666666666666668,12.63,2.73,14.681256756614292,0.5265571261505442,0.005521708836774482,True,False,1.3267427768222344,0.0,0.0,0.0,0.0,0.18291883887516855,0.18291883887516855,14.924651920970621,False,False,2
19.75,12.6,2.7,14.656912770841666,0.5260749052266485,0.005507865031716586,True,False,1.3035981383593562,0.0,0.0,0.0,0.0,0.1797058192413169,0.1797058192413169,15.024555194700296,False,False,2
19.833333333333332,12.57,2.67,14.639161444119855,0.5256058989530326,0.00549655006894766,True,False,1.2817574070983317,0.0,0.0,0.0,0.0,0.17667331515617907,0.17667331515617907,15.11263881384533,False,False,2
19.916666666666668,12.53,2.63,14.621099165946033,0.525184532718401,0.005485644103882224,True,False,1.2540996781303995,0.0,0.0,0.0,0.0,0.17283279095056628,0.17283279095056628,15.217019788520535,False,False,2
20.0,12.5,2.6,14.596533760529825,0.5247074350761555,0.005471849103467386,True,False,1.2315464204694873,0.0,0.0,0.0,0.0,0.16970381513478444,0.16970381513478444,15.320810542385233,False,False,2
20.083333333333332,12.48,2.58,14.579051762437668,0.524225548339209,0.005460553490651016,True,False,1.2163475522509666,0.0,0.0,0.0,0.0,0.16759574883192283,0.16759574883192283,15.394185222367492,False,False,2
20.166666666666668,12.47,2.57,14.567605282069575,0.5238587863126265,0.005452629319756996,True,False,1.2081926684230775,0.0,0.0,0.0,0.0,0.1664653149392802,0.1664653149392802,15.438651595003028,False,False,2
20.25,12.45,2.55,14.562217827213203,0.5236226556898999,0.005448236058862946,True,False,1.1956461296251983,0.0,0.0,0.0,0.0,0.16472318152541626,0.16472318152541626,15.480516927767953,False,False,2
20.333333333333332,12.43,2.53,14.549495379273688,0.5234179039268482,0.005441571394328835,True,False,1.181656753464134,0.0,0.0,0.0,0.0,0.16278257091927073,0.16278257091927073,15.542204461525003,False,False,2
20.416666666666668,12.42,2.52,14.537596075649374,0.5231457092208316,0.005434498663348896,True,False,1.1734549788942816,0.0,0.0,0.0,0.0,0.16164610575409405,0.16164610575409405,15.58961156684825,False,False,2
20.5,12.4,2.5,14.532374671857857,0.5229157201764687,0.005430239452260839,True,False,1.1613021380921973,0.0,0.0,0.0,0.0,0.15995895119401643,0.15995895119401643,15.629009701168366,False,False,2
20.583333333333332,12.38,2.48,14.519499242924308,0.5227210582994193,0.005423644537420405,True,False,1.1475253801566443,0.0,0.0,0.0,0.0,0.15804841089757168,0.15804841089757168,15.69139471833882,False,False,2
20.666666666666668,12.37,2.47,14.507636591569364,0.5224493908948924,0.00541660898946353,True,False,1.1393787585358595,0.0,0.0,0.0,0.0,0.1569199675359946,0.1569199675359946,15.740507972214733,False,False,2
20.75,12.35,2.45,14.502528534763984,0.5222130441702318,0.005412333832413652,True,False,1.1276004907966126,0.0,0.0,0.0,0.0,0.1552851279430055,0.1552851279430055,15.777428479173015,False,False,2
20.833333333333332,12.33,2.43,14.489500358849101,0.5220258260281682,0.005405780945483157,True,False,1.1140255119084868,0.0,0.0,0.0,0.0,0.15340314564058258,0.15340314564058258,15.840613892582052,False,False,2
20.916666666666668,12.32,2.42,14.477680580948437,0.5217540443638156,0.005398777919354444,True,False,1.1059362711744543,0.0,0.0,0.0,0.0,0.1522830239146412,0.1522830239146412,15.891462736887048,False,False,2
21.0,12.3,2.4,14.472684311773918,0.5215112591916066,0.0053944854148920834,True,False,1.0945244257874018,0.0,0.0,0.0,0.0,0.15069934833832824,0.15069934833832824,15.925749025880783,False,False,2
21.083333333333332,12.27,2.4,14.459497947054826,0.5213316442375228,0.005387974278368821,True,False,1.0762113173494352,0.0,0.0,0.0,0.0,0.14815976044456136,0.14815976044456136,16.198730294910508,False,False,2
21.166666666666668,12.23,2.4,14.461907683079438,0.5203173645187786,0.005378246512642811,True,False,1.0575811942821802,0.0,0.0,0.0,0.0,0.14557121472233342,0.14557121472233342,16.486775936972336,False,False,2
21.25,12.2,2.4,14.461468357566371,0.5190714146947653,0.005365102924038196,True,False,1.043464686647132,0.0,0.0,0.0,0.0,0.1436105539239972,0.1436105539239972,16.71186367869696,False,False,2
21.333333333333332,12.17,2.4,14.461576310944356,0.5179962498865744,0.005353932111598934,True,False,1.0298605540117927,0.0,0.0,0.0,0.0,0.14172088257497203,0.14172088257497203,16.934695553637773,False,False,2
21.416666666666668,12.13,2.4,14.461570816904855,0.5169690976949894,0.005343222504565012,True,False,1.0122272657155669,0.0,0.0,0.0,0.0,0.13927160020823728,0.13927160020823728,17.23251543323655,False,False,2
21.5,12.1,2.4,14.461594457269909,0.5156979422299253,0.005329979896969528,True,False,0.9994018450665838,0.0,0.0,0.0,0.0,0.13749013007917837,0.13749013007917837,17.455798453444462,False,False,2
21.583333333333332,12.08,2.38,14.461604994583505,0.5146245374775159,0.0053187945447088604,True,False,0.9910297416567273,0.0,0.0,0.0,0.0,0.13632723608332717,0.13632723608332717,17.457993489615493,False,False,2
21.666666666666668,12.07,2.37,14.44674555804439,0.5143458765243185,0.0053107392105230045,True,False,0.9827490179069063,0.0,0.0,0.0,0.0,0.13518261531356063,0.13518261531356063,17.53184012975859,False,False,2
21.75,12.05,2.35,14.442962160336261,0.514025262196694,0.005306090659008942,True,False,0.9734979768612645,0.0,0.0,0.0,0.0,0.13389915924773563,0.13389915924773563,17.55052095325043,False,False,2
21.833333333333332,12.03,2.33,14.428920803655533,0.5138762336438247,0.005299681716948281,True,False,0.9614396591014915,0.0,0.0,0.0,0.0,0.13222981916933488,0.13222981916933488,17.620836318441743,False,False,2
21.916666666666668,12.02,2.32,14.417473316125406,0.5135991653852467,0.00529284489495503,True,False,0.9541504465779683,0.0,0.0,0.0,0.0,0.1312219592503847,0.1312219592503847,17.679967691788583,False,False,2
22.0,12.0,2.3,14.412958141713128,0.5133284897920003,0.00528847334048518,True,False,0.9449571882784811,0.0,0.0,0.0,0.0,0.12994703445793784,0.12994703445793784,17.699518958583695,False,False,2
22.083333333333332,11.98,2.3,14.398954249602726,0.5131874774718027,0.005282178742757832,True,False,0.9330799102470226,0.0,0.0,0.0,0.0,0.12830325137582022,0.12830325137582022,17.926279929282085,False,False,2
22.166666666666668,11.97,2.3,14.402882913978276,0.5124037287509277,0.005275395678888635,True,False,0.9304109238817632,0.0,0.0,0.0,0.0,0.1279310360366015,0.1279310360366015,17.9784364393169,False,False,2
22.25,11.95,2.3,14.401759730086862,0.5120177200802601,0.0052710015183064785,True,False,0.922508588797756,0.0,0.0,0.0,0.0,0.1268341267538335,0.1268341267538335,18.133920726745444,False,False,2
22.333333333333332,11.93,2.3,14.402092885004299,0.511403210976271,0.005264736329445128,True,False,0.915160147109503,0.0,0.0,0.0,0.0,0.1258135441572648,0.1258135441572648,18.281020659628176,False,False,2
22.416666666666668,11.92,2.3,14.402002130018262,0.5107542240336223,0.005257967593045045,True,False,0.9114545004228316,0.0,0.0,0.0,0.0,0.1252989951705513,0.1252989951705513,18.356092934898196,False,False,2
22.5,11.9,2.3,14.402033045052661,0.5103291244702433,0.005253565035201174,True,False,0.9041945817948075,0.0,0.0,0.0,0.0,0.12429083117475705,0.12429083117475705,18.504985269316634,False,False,2
22.583333333333332,11.87,2.28,14.402030903873403,0.5097286049656824,0.0052473301223493925,True,False,0.8935055445918791,0.0,0.0,0.0,0.0,0.1228064978910636,0.1228064978910636,18.5657928460959,False,False,2
22.666666666666668,11.83,2.27,14.386356289029234,0.5093580618157415,0.005238122458561262,True,False,0.8749185943226193,0.0,0.0,0.0,0.0,0.12023224523770876,0.12023224523770876,18.880126504433388,False,False,2
22.75,11.8,2.25,14.38343208933179,0.5082555925829242,0.005225692255233214,True,False,0.8639053992420593,0.0,0.0,0.0,0.0,0.11870429146996148,0.11870429146996148,18.95466433552969,False,False,2
22.833333333333332,11.77,2.23,14.36846029788175,0.5076918177188626,0.005214748890856542,True,False,0.8494259379139013,0.0,0.0,0.0,0.0,0.11670048989362108,0.11670048989362108,19.108745833310277,False,False,2
22.916666666666668,11.73,2.22,14.35747433376619,0.5070411889591051,0.005204276750149477,True,False,0.8331785929384442,0.0,0.0,0.0,0.0,0.1144496620031725,0.1144496620031725,19.39717392908039,False,False,2
23.0,11.7,2.2,14.353225991140054,0.5059552935174514,0.00519159815548015,True,False,0.8224732683250285,0.0,0.0,0.0,0.0,0.1129653234429676,0.1129653234429676,19.475002885382843,False,False,2
23.083333333333332,11.68,2.2,14.338446766593327,0.5053744725048553,0.005180588135100442,True,False,0.8117006262420043,0.0,0.0,0.0,0.0,0.11147664129040812,0.11147664129040812,19.735076106830075,False,False,2
23.166666666666668,11.67,2.2,14.343928092358567,0.5044072439619148,0.0051724411591354295,True,False,0.8103911498938803,0.0,0.0,0.0,0.0,0.11129227056704219,0.11129227056704219,19.7677699339841,False,False,2
23.25,11.65,2.2,14.341863268313029,0.503994976369701,0.0051674818622692905,True,False,0.8037413448645145,0.0,0.0,0.0,0.0,0.11037005613819638,0.11037005613819638,19.932942656523974,False,False,2
23.333333333333332,11.63,2.2,14.342649761455286,0.5033664410185654,0.005161248970396934,True,False,0.7980759631701714,0.0,0.0,0.0,0.0,0.10958316236713952,0.10958316236713952,20.076076949023236,False,False,2
23.416666666666668,11.62,2.2,14.342350864024654,0.5027339219022984,0.005154609136716452,True,False,0.7950583916566835,0.0,0.0,0.0,0.0,0.1091643787937761,0.1091643787937761,20.153094116497925,False,False,2
23.5,11.6,2.2,14.342468448764484,0.5022967046635002,0.00515012869334246,True,False,0.7893118689539541,0.0,0.0,0.0,0.0,0.1083665393932765,0.1083665393932765,20.3014695524779,False,False,2
23.583333333333332,11.57,2.2,14.34242546648037,0.5017127554071293,0.005144077418220691,True,False,0.7807796411145705,0.0,0.0,0.0,0.0,0.10718204337214256,0.10718204337214256,20.525826255816625,False,False,2
23.666666666666668,11.53,2.2,14.342446666240503,0.5008591340269177,0.00513526005792491,True,False,0.7697106033573436,0.0,0.0,0.0,0.0,0.10564533886018312,0.10564533886018312,20.824392478986713,False,False,2
23.75,11.5,2.2,14.342443021434176,0.49970390054586994,0.005123316781035817,True,False,0.7616072250994761,0.0,0.0,0.0,0.0,0.10452036673310258,0.10452036673310258,21.048529284419736,False,False,2
23.833333333333332,11.47,2.2,14.342447739171671,0.49866310057771357,0.005112559629265865,True,False,0.7536756634184324,0.0,0.0,0.0,0.0,0.1034192460552639,0.1034192460552639,21.272636225025188,False,False,2
23.916666666666668,11.43,2.2,14.342448590586672,0.49766237992048756,0.005102215830488041,True,False,0.7433527149986823,0.0,0.0,0.0,0.0,0.10198614135061822,0.10198614135061822,21.57155835945022,False,False,2
